china_beijing_holiday_inn_central_plaza,4.480582524271844	
china_beijing_hilton_beijing_wangfujing,4.751724137931035	
china_beijing_hotel_g,4.625	
china_beijing_the_regent_beijing,4.610416666666667	
china_beijing_the_st_regis_beijing,4.556923076923077	
china_beijing_park_plaza_beijing_wangfujing,4.622033898305085	
china_beijing_the_ritz_carlton_huamao_center,4.6	
china_beijing_the_opposite_house,4.739999999999999	
china_beijing_double_happiness_courtyard_hotel,4.460606060606061	
china_beijing_intercontinental_financial_street_beijing,4.468852459016393	
china_beijing_michael_s_house_in_beijing,4.525	
china_beijing_grand_hyatt_beijing,4.461038961038961	
china_beijing_raffles_beijing_hotel,4.53695652173913	
china_beijing_the_ritz_carlton_beijing_financial_street,4.592307692307692	
china_beijing_the_peninsula_beijing,4.444776119402985	
china_beijing_sofitel_wanda_beijing,4.330232558139535	
china_beijing_china_world_hotel,4.211320754716981	
china_beijing_marriott_hotel_beijing_city_wall,4.2666666666666675	
china_beijing_beijing_sihe_courtyard_hotel,4.316417910447761	
china_beijing_kapok_hotel,4.312380952380952	
china_beijing_bamboo_garden_hotel,4.3589743589743595	
china_beijing_hotel_new_otani_chang_fu_gong,4.103448275862069	
china_beijing_jw_marriott_hotel_beijing,4.276923076923078	
china_beijing_shangri_la_hotel_beijing,3.9142857142857137	
china_beijing_crowne_plaza_hotel_beijing,4.34018691588785	
china_beijing_the_westin_beijing_financial_street,4.320481927710844	
china_beijing_hilton_beijing,4.286274509803922	
china_beijing_shangri_la_kerry_centre_hotel,4.0777777777777775	
china_beijing_sunworld_hotel_beijing,4.344444444444445	
china_beijing_grand_hotel_beijing,4.3	
china_beijing_the_westin_beijing_chaoyang,4.1416666666666675	
china_beijing_holiday_inn_express_beijing_temple_of_heaven,4.037037037037036	
china_beijing_novotel_peace_hotel,3.9256637168141593	
china_beijing_ascott_beijing,4.175	
china_beijing_prime_hotel,4.194285714285714	
china_beijing_grand_mercure_hotel_xidan,3.86031746031746	
china_beijing_days_inn_forbidden_city_beijing,4.090000000000001	
china_beijing_jianguo_hotel_qianmen_beijing,3.9263157894736844	
china_beijing_crowne_plaza_park_view_wuzhou,3.942857142857143	
china_beijing_beijing_hotel,3.2476190476190476	
china_beijing_doubletree_by_hilton_beijing,4.430769230769231	
china_beijing_kempinski_hotel_beijing_lufthansa_center,3.875	
china_beijing_capital_hotel_beijing,3.9272727272727272	
china_beijing_holiday_inn_temple_of_heaven,4.022222222222222	
china_beijing_jian_guo_hotel,4.273684210526316	
china_beijing_hotel_cote_cour_beijing,4.585185185185185	
china_beijing_renaissance_beijing_hotel,4.3	
china_beijing_swissotel_beijing,3.8756756756756756	
china_beijing_harmony_hotel,3.8370370370370366	
china_beijing_shatan_hotel,3.984375	
china_beijing_howard_johnson_paragon,3.8432432432432435	
china_beijing_marriott_beijing_hotel_west,3.9647058823529404	
china_beijing_palm_springs_beijing_marriott_executive_apartments,4.0	
china_beijing_loong_palace_hotel_resort,4.177777777777778	
china_beijing_commune_by_the_great_wall_kempinski,3.8486486486486484	
china_beijing_tianlun_dynasty_hotel,4.293333333333334	
china_beijing_nikko_new_century_beijing_hotel,3.4275862068965517	
china_beijing_beijing_friendship_hotel_grand_building,3.7111111111111112	
china_beijing_holiday_inn_beijing_lido,3.6916666666666664	
china_beijing_grand_view_garden_hotel,3.0	
china_beijing_holiday_inn_downtown_beijing,3.696	
china_beijing_traders_hotel,3.8083333333333336	
china_beijing_wangfujing_grand_hotel,3.6625	
china_beijing_gloria_plaza_hotel_beijing,3.4631578947368427	
china_beijing_beijing_far_east_international_youth_hostel,3.6758620689655173	
china_beijing_new_world_hotel_jing_guang,3.3200000000000003	
china_beijing_zhong_an_inn_zhong_an_hotel,3.629411764705883	
china_beijing_courtyard_by_marriott,3.5460317460317454	
china_beijing_crowne_plaza_international_airport_hotel_beijing,3.85	
china_beijing_novotel_xinqiao_beijing,3.653846153846154	
china_beijing_beijing_international_hotel,3.529729729729729	
usa_illinois_chicago_the_talbott_hotel,4.672131147540984	
usa_illinois_chicago_sofitel_chicago_water_tower,4.601328903654485	
usa_illinois_chicago_trump_international_hotel_tower_chicago,4.696296296296296	
usa_illinois_chicago_hampton_inn_majestic_chicago,4.595454545454546	
usa_illinois_chicago_residence_inn_chicago_downtown_river_north,4.6450000000000005	
usa_illinois_chicago_hotel_monaco_chicago_a_kimpton_hotel,4.51747572815534	
usa_illinois_chicago_park_hyatt_chicago,4.643373493975903	
usa_illinois_chicago_springhill_suites_chicago_downtown_river_north,4.559459459459459	
usa_illinois_chicago_homewood_suites_by_hilton_chicago_downtown,4.560185185185185	
usa_illinois_chicago_affinia_chicago,4.624334600760457	
usa_illinois_chicago_dana_hotel_spa,4.455238095238096	
usa_illinois_chicago_the_peninsula_chicago,4.481012658227848	
usa_illinois_chicago_the_blackstone_a_renaissance_hotel,4.466666666666667	
usa_illinois_chicago_james_chicago,4.450666666666666	
usa_illinois_chicago_amalfi_hotel_chicago,4.452406417112299	
usa_illinois_chicago_four_seasons_hotel_chicago,4.56551724137931	
usa_illinois_chicago_hotel_burnham_a_kimpton_hotel,4.534640522875817	
usa_illinois_chicago_conrad_chicago,4.480412371134021	
usa_illinois_chicago_thewit_hotel,4.432727272727273	
usa_illinois_chicago_renaissance_chicago_hotel,4.439639639639639	
usa_illinois_chicago_the_sutton_place_hotel,4.463736263736264	
usa_illinois_chicago_the_westin_chicago_river_north,4.358558558558558	
usa_illinois_chicago_carlton_inn_midway,4.556521739130435	
usa_illinois_chicago_omni_chicago_hotel,4.515025906735751	
usa_illinois_chicago_residence_inn_chicago_downtown,4.403389830508475	
usa_illinois_chicago_fairfield_inn_suites_chicago_downtown,4.367088607594936	
usa_illinois_chicago_millennium_knickerbocker_hotel_chicago,4.098461538461539	
usa_illinois_chicago_the_ritz_carlton_chicago_a_four_seasons_hotel,4.364102564102565	
usa_illinois_chicago_four_points_by_sheraton_chicago_downtown_magnificent_mile,4.364705882352942	
usa_illinois_chicago_comfort_suites,4.480952380952381	
usa_illinois_chicago_courtyard_by_marriott_chicago_downtown_magnificent_mile,4.352941176470589	
usa_illinois_chicago_la_quinta_inn_suites_chicago_downtown,4.372727272727273	
usa_illinois_chicago_renaissance_chicago_o_hare_suites_hotel,4.447619047619048	
usa_illinois_chicago_intercontinental_chicago,4.2578073089701	
usa_illinois_chicago_swissotel_chicago,4.168200836820083	
usa_illinois_chicago_fairmont_chicago_millennium_park,4.207317073170732	
usa_illinois_chicago_hotel_blake,4.188617886178862	
usa_illinois_chicago_belden_stratford_hotel,4.2555555555555555	
usa_illinois_chicago_avenue_hotel_chicago,4.308943089430895	
usa_illinois_chicago_embassy_suites_hotel_chicago_downtown,4.242857142857143	
usa_illinois_chicago_hotel_allegro_chicago_a_kimpton_hotel,3.952147239263803	
usa_illinois_chicago_doubletree_hotel_chicago_magnificent_mile,4.2893617021276595	
usa_illinois_chicago_hotel_71,4.1	
usa_illinois_chicago_days_inn_chicago,4.21038961038961	
usa_illinois_chicago_majestic_hotel,4.218181818181818	
usa_illinois_chicago_comfort_inn_suites_downtown,4.1525	
usa_illinois_chicago_hotel_sax_chicago,4.148214285714286	
usa_illinois_chicago_wyndham_chicago,4.273913043478261	
usa_illinois_chicago_ambassador_east_hotel,4.078	
usa_illinois_chicago_hampton_inn_and_suites_chicago_downtown,4.285981308411214	
usa_illinois_chicago_seneca_hotel,3.9964497041420124	
usa_illinois_chicago_embassy_suites_hotel_chicago_downtown_lakefront,4.008	
usa_illinois_chicago_hotel_indigo_chicago_downtown_gold_coast,4.176842105263158	
usa_illinois_chicago_hilton_garden_inn_chicago_downtown_magnificent_mile,4.258646616541354	
usa_illinois_chicago_hard_rock_hotel_chicago,4.021800947867298	
usa_illinois_chicago_springhill_suites_chicago_o_hare,4.066666666666666	
usa_illinois_chicago_the_raffaello_hotel,4.20854700854701	
usa_illinois_chicago_club_quarters_chicago_central_loop,3.9847457627118645	
usa_illinois_chicago_best_western_hawthorne_terrace,4.161538461538461	
usa_illinois_chicago_hilton_suites_chicago_magnificent_mile,4.084848484848485	
usa_illinois_chicago_courtyard_by_marriott_chicago_downtown,4.298245614035087	
usa_illinois_chicago_the_silversmith_hotel_suites,4.0890756302521005	
usa_illinois_chicago_the_drake,4.145142857142857	
usa_illinois_chicago_the_willows,4.286666666666667	
usa_illinois_chicago_holiday_inn_chicago_mart_plaza,3.8148936170212764	
usa_illinois_chicago_hotel_felix,4.087323943661971	
usa_illinois_chicago_the_whitehall_hotel,3.973737373737374	
usa_illinois_chicago_chicago_south_loop_hotel,3.8883720930232557	
usa_illinois_chicago_hotel_cass_holiday_inn_express,3.901587301587301	
usa_illinois_chicago_city_suites_hotel,4.118518518518519	
usa_illinois_chicago_the_palmer_house_hilton,3.869767441860465	
usa_illinois_chicago_marriott_chicago_downtown_magnificent_mile,3.950310559006211	
usa_illinois_chicago_holiday_inn_chicago_o_hare,4.085000000000001	
usa_illinois_chicago_sheraton_chicago_hotel_and_towers,3.8497854077253217	
usa_illinois_chicago_holiday_inn_hotel_suites_downtown,3.7333333333333334	
usa_illinois_chicago_hyatt_regency_mccormick_place,3.576190476190476	
usa_illinois_chicago_hyatt_regency_chicago,3.861794019933555	
usa_illinois_chicago_the_westin_michigan_avenue_chicago,3.9435582822085893	
usa_illinois_chicago_hilton_chicago,3.75625	
usa_illinois_chicago_river_hotel,3.896875	
usa_illinois_chicago_crowne_plaza_chicago_the_metro,4.053488372093023	
usa_illinois_chicago_westin_chicago_northwest,3.9391304347826086	
usa_illinois_chicago_hilton_chicago_o_hare_airport,3.8278260869565215	
usa_illinois_chicago_best_western_river_north_chicago_downtown_hotel,3.96	
usa_illinois_chicago_chicago_marriott_at_medical_district_uic,3.833333333333333	
usa_illinois_chicago_chicago_s_essex_inn,3.732231404958678	
usa_illinois_chicago_w_chicago_lakeshore,3.659550561797752	
usa_illinois_chicago_allerton_hotel,3.680213903743315	
usa_illinois_chicago_ohio_house_motel,3.841379310344827	
usa_illinois_chicago_inn_of_chicago_magnificent_mile,3.4483221476510066	
usa_illinois_chicago_best_western_grant_park_hotel,3.5090909090909093	
usa_illinois_chicago_w_chicago_city_center,3.505806451612903	
usa_illinois_chicago_the_tremont_chicago,3.5113636363636367	
usa_illinois_chicago_heart_o_chicago_motel,3.725925925925926	
usa_illinois_chicago_travelodge_chicago_downtown,3.187341772151899	
usa_illinois_chicago_holiday_inn_express_chicago_midway_airport,3.78	
usa_illinois_chicago_four_points_by_sheraton_chicago_midway_airport,3.4727272727272727	
usa_illinois_chicago_wheeler_mansion,3.307692307692308	
usa_illinois_chicago_ramada_inn_lake_shore_chicago,3.125	
usa_illinois_chicago_four_points_by_sheraton_chicago_o_hare_airport,3.0055555555555555	
usa_illinois_chicago_congress_plaza_hotel,3.0273972602739727	
usa_illinois_chicago_inn_at_lincoln_park,3.368	
usa_illinois_chicago_chicago_marriott_o_hare,3.26875	
usa_illinois_chicago_howard_johnson_inn_downtown_chicago,3.181818181818182	
usa_illinois_chicago_sheraton_chicago_northwest,3.116	
usa_illinois_chicago_red_roof_inn,3.0	
usa_illinois_chicago_chinatown_hotel,3.2625	
usa_illinois_chicago_chicago_o_hare_garden_hotel,2.540625	
usa_illinois_chicago_super_8_chicago_o_hare_south,2.1125	
are_dubai_grosvenor_house_west_marina_beach_by_le_meridien_dubai,4.657758620689655	
are_dubai_mina_a_salam_at_madinat_jumeirah,4.735374149659863	
are_dubai_al_manzil_hotel,4.664957264957264	
are_dubai_le_royal_meridien_beach_resort_spa,4.705647840531562	
are_dubai_dar_al_masyaf_at_madinat_jumeirah,4.751219512195123	
are_dubai_al_maha_desert_resort,4.701098901098901	
are_dubai_al_qasr_at_madinat_jumeirah,4.680645161290323	
are_dubai_jumeirah_beach_hotel,4.664451827242525	
are_dubai_residence_and_spa_at_one_and_only_royal_mirage,4.8	
are_dubai_one_only_royal_mirage,4.551515151515152	
are_dubai_qamardeen_hotel,4.559183673469388	
are_dubai_grand_hyatt_dubai,4.60701754385965	
are_dubai_the_palace_at_one_only_royal_mirage,4.5600000000000005	
are_dubai_le_meridien_mina_seyahi_beach_resort_and_marina,4.442580645161291	
are_dubai_crowne_plaza_dubai_festival_city,4.630379746835443	
are_dubai_jebel_ali_palm_tree_court_spa,4.534426229508197	
are_dubai_hilton_dubai_jumeirah,4.483271375464684	
are_dubai_arabian_court_at_one_and_only_royal_mirage,4.525	
are_dubai_villa_rotana_dubai,4.491666666666666	
are_dubai_burj_al_arab,4.6670212765957455	
are_dubai_westin_dubai_mina_seyahi_beach_resort_marina,4.4532544378698224	
are_dubai_park_hyatt_dubai,4.422857142857143	
are_dubai_the_fairmont_dubai,4.4375	
are_dubai_oasis_beach_tower_apartments,4.587692307692309	
are_dubai_the_ritz_carlton_dubai,4.410666666666667	
are_dubai_four_points_by_sheraton_downtown_dubai,4.407766990291263	
are_dubai_intercontinental_dubai_festival_city,4.486567164179104	
are_dubai_le_meridien_dubai,4.258620689655172	
are_dubai_hilton_dubai_creek,4.308955223880597	
are_dubai_bonnington_jumeirah_lakes_towers,4.230769230769232	
are_dubai_radisson_blu_hotel_dubai_deira_creek,4.257971014492754	
are_dubai_al_bustan_rotana_dubai,4.236	
are_dubai_arabian_courtyard_hotel_spa,4.2428015564202335	
are_dubai_dusit_thani_dubai,4.24516129032258	
are_dubai_jebel_ali_golf_resort_spa,4.277333333333333	
are_dubai_jumeirah_emirates_towers_hotel,4.42	
are_dubai_four_points_by_sheraton_sheikh_zayed_road_dubai,4.3865384615384615	
are_dubai_jumeira_rotana,4.416216216216216	
are_dubai_burjuman_arjaan_dubai,4.385185185185185	
are_dubai_taj_palace_hotel,4.345098039215687	
are_dubai_rimal_rotana_dubai,4.305454545454546	
are_dubai_shangri_la_hotel,4.3	
are_dubai_traders_hotel_dubai,4.285185185185185	
are_dubai_hatta_fort_hotel,4.378571428571428	
are_dubai_renaissance_dubai_hotel,4.279999999999999	
are_dubai_the_address_downtown_burj_dubai,4.2625	
are_dubai_raffles_dubai,4.562162162162163	
are_dubai_towers_rotana_dubai,4.225531914893617	
are_dubai_jw_marriott_hotel_dubai,4.03921568627451	
are_dubai_atlantis_the_palm,4.027906976744186	
are_dubai_kempinski_hotel_mall_of_the_emirates,4.2592592592592595	
are_dubai_hyatt_regency_dubai,4.165384615384616	
are_dubai_novotel_deira_city_centre,4.321739130434782	
are_dubai_the_palace_the_old_town,4.36842105263158	
are_dubai_habtoor_grand_resort_spa,4.0	
are_dubai_jumeirah_bab_al_shams_desert_resort_spa,4.127536231884058	
are_dubai_flora_grand_hotel,3.9086956521739133	
are_dubai_xclusive_hotel_apartments,4.42	
are_dubai_holiday_inn_dubai_al_barsha,4.21111111111111	
are_dubai_riviera_hotel,4.156521739130435	
are_dubai_al_murooj_rotana_dubai,4.05	
are_dubai_ramada_dubai,3.8761904761904757	
are_dubai_le_meridien_al_sondos_suites,4.139130434782609	
are_dubai_moevenpick_hotel_bur_dubai,4.13076923076923	
are_dubai_metropolitan_palace_hotel,4.0434782608695645	
are_dubai_le_meridien_residence_deira,4.024242424242425	
are_dubai_dream_palace_hotel,3.8526315789473684	
are_dubai_golden_sands_hotel_apartments,3.8361111111111112	
are_dubai_sheraton_dubai_creek_hotel_and_towers,4.176811594202898	
are_dubai_courtyard_by_marriott_green_community_dubai,4.0	
are_dubai_radisson_blu_hotel_dubai_media_city,3.930434782608695	
are_dubai_le_meridien_fairway,3.936	
are_dubai_majestic_hotel,3.8285714285714283	
are_dubai_novotel_world_trade_centre_dubai,3.9611111111111112	
are_dubai_sheraton_jumeirah_beach_resort_towers,3.774074074074074	
are_dubai_rydges_plaza_dubai,3.9515151515151516	
are_dubai_dhow_palace_hotel,3.71578947368421	
are_dubai_arabian_park_hotel,3.8035714285714284	
are_dubai_dubai_marine_beach_resort_and_spa,3.6285714285714286	
are_dubai_crowne_plaza_hotel_dubai,4.182978723404256	
are_dubai_sheraton_deira_hotel,3.5	
are_dubai_royal_ascot_hotel,3.8592592592592596	
are_dubai_ibis_deira_city_centre,3.9368421052631577	
are_dubai_le_meridien_dar_al_sondos_hotel_apartments,3.4166666666666665	
are_dubai_four_points_by_sheraton_bur_dubai,3.6266666666666665	
are_dubai_chelsea_tower_hotel_apartments,4.05	
are_dubai_ibis_world_trade_centre_dubai,3.834782608695653	
are_dubai_regent_beach_resort,3.825	
are_dubai_holiday_inn_express_dubai_internet_city,3.672222222222222	
are_dubai_seaview_hotel,3.4095238095238094	
are_dubai_dubai_international_hotel,3.8333333333333335	
are_dubai_coral_deira_dubai,4.063636363636364	
are_dubai_metropolitan_hotel_deira,3.5157894736842104	
are_dubai_admiral_plaza_hotel,3.0620689655172413	
are_dubai_city_centre_hotel_residence,3.0714285714285716	
are_dubai_ascot_hotel,3.3466666666666667	
are_dubai_hotel_eureka,3.4800000000000004	
are_dubai_metropolitan_hotel_dubai,3.373770491803279	
are_dubai_ramee_apartment_hotel,3.210526315789474	
are_dubai_millennium_airport_hotel_dubai,3.2628571428571425	
are_dubai_highland_hotel,3.4799999999999995	
are_dubai_holiday_inn_downtown_dubai,2.8571428571428568	
are_dubai_marco_polo_hotel,3.366666666666667	
are_dubai_regent_palace_hotel,2.666666666666667	
are_dubai_grandeur_hotel,3.7	
are_dubai_k_porte_inn_hotel,3.08125	
are_dubai_regal_plaza_dubai,3.1	
are_dubai_landmark_plaza_hotel,3.461538461538462	
are_dubai_grand_moov_hotel,2.995918367346939	
are_dubai_san_marco_hotel,3.019047619047619	
are_dubai_palm_beach_rotana_inn,2.833333333333333	
are_dubai_queens_hotel,2.7818181818181817	
are_dubai_pearl_residence,2.88	
usa_nevada_las-vegas_staybridge_suites_las_vegas,4.726923076923077	
usa_nevada_las-vegas_four_seasons_hotel_las_vegas,4.5378091872791515	
usa_nevada_las-vegas_desert_rose_resort,4.588039867109634	
usa_nevada_las-vegas_signature_at_mgm_grand,4.511627906976744	
usa_nevada_las-vegas_skylofts_at_mgm_grand,4.693939393939393	
usa_nevada_las-vegas_wingate_by_wyndham_henderson,4.634482758620689	
usa_nevada_las-vegas_marriott_s_grand_chateau,4.457142857142857	
usa_nevada_las-vegas_platinum_hotel_and_spa,4.449169435215947	
usa_nevada_las-vegas_element_by_westin_las_vegas_summerlin,4.4	
usa_nevada_las-vegas_jw_marriott_las_vegas_resort_spa_golf,4.38936170212766	
usa_nevada_las-vegas_bellagio_las_vegas,4.3780730897009965	
usa_nevada_las-vegas_wynn_las_vegas,4.348837209302326	
usa_nevada_las-vegas_the_palazzo_resort_hotel_casino,4.320265780730898	
usa_nevada_las-vegas_venetian_resort_hotel_casino,4.283720930232557	
usa_nevada_las-vegas_south_point_hotel_casino_and_spa,4.2019933554817275	
usa_nevada_las-vegas_encore_at_wynn_las_vegas,4.140863787375416	
usa_nevada_las-vegas_palms_place_hotel_spa,4.333333333333334	
usa_nevada_las-vegas_bill_s_gamblin_hall_saloon,4.393355481727575	
usa_nevada_las-vegas_summer_bay_resorts_las_vegas_desert_club,4.393103448275863	
usa_nevada_las-vegas_the_carriage_house,4.372043010752688	
usa_nevada_las-vegas_mirage_hotel_casino,4.346179401993355	
usa_nevada_las-vegas_the_orleans_hotel_casino,3.982724252491695	
usa_nevada_las-vegas_hilton_grand_vacations_suites_on_the_las_vegas_strip,4.17609561752988	
usa_nevada_las-vegas_renaissance_las_vegas_hotel,4.239416058394161	
usa_nevada_las-vegas_thehotel_at_mandalay_bay,4.020598006644518	
usa_nevada_las-vegas_main_street_station_hotel_casino,4.184810126582279	
usa_nevada_las-vegas_hilton_grand_vacations_club_at_the_flamingo_las_vegas,4.33125	
usa_nevada_las-vegas_wyndham_grand_desert,4.176774193548387	
usa_nevada_las-vegas_embassy_suites_hotel_convention_center_paradise_road_las_vegas,4.061764705882353	
usa_nevada_las-vegas_suncoast_hotel_and_casino,4.182051282051281	
usa_nevada_las-vegas_treasure_island_ti_hotel_casino,4.2292358803986705	
usa_nevada_las-vegas_golden_nugget,4.099667774086379	
usa_nevada_las-vegas_red_rock_casino_resort_spa,4.16774193548387	
usa_nevada_las-vegas_embassy_suites_las_vegas_airport,4.16875	
usa_nevada_las-vegas_hilton_garden_inn_las_vegas_strip_south,4.278260869565218	
usa_nevada_las-vegas_sam_s_town_hotel_and_gambling_hall,4.0101010101010095	
usa_nevada_las-vegas_marriott_suites_las_vegas,4.235	
usa_nevada_las-vegas_mgm_grand_hotel_and_casino,3.9986710963455154	
usa_nevada_las-vegas_caesars_palace_classic_hotel,4.031893687707641	
usa_nevada_las-vegas_holiday_inn_express_las_vegas_south,4.307894736842106	
usa_nevada_las-vegas_paris_las_vegas_hotel,4.051827242524917	
usa_nevada_las-vegas_tuscany_suites_casino,3.797520661157025	
usa_nevada_las-vegas_trump_international_hotel_tower_las_vegas,3.915614617940199	
usa_nevada_las-vegas_four_queens_hotel_and_casino,4.097916666666667	
usa_nevada_las-vegas_cancun_resort,3.85625	
usa_nevada_las-vegas_mandalay_bay_resort_casino,3.8139534883720927	
usa_nevada_las-vegas_new_york_new_york_hotel_and_casino,3.839867109634551	
usa_nevada_las-vegas_homewood_suites_las_vegas_airport,4.238095238095238	
usa_nevada_las-vegas_planet_hollywood_resort_casino,4.048504983388705	
usa_nevada_las-vegas_grandview_at_las_vegas,3.9347826086956523	
usa_nevada_las-vegas_terrible_s_hotel_casino,3.766990291262136	
usa_nevada_las-vegas_hilton_grand_vacation_suites_las_vegas_convention_center,4.038235294117646	
usa_nevada_las-vegas_desert_paradise_resort,4.113333333333334	
usa_nevada_las-vegas_tahiti_village,3.9909604519774016	
usa_nevada_las-vegas_hampton_inn_tropicana,4.08	
usa_nevada_las-vegas_tahiti_vacation_club,3.957142857142857	
usa_nevada_las-vegas_residence_inn_las_vegas_south,4.24375	
usa_nevada_las-vegas_gold_coast_hotel_and_casino,3.845652173913044	
usa_nevada_las-vegas_cliffs_at_peace_canyon,4.2	
usa_nevada_las-vegas_doubletree_club_hotel_las_vegas_airport,4.07	
usa_nevada_las-vegas_bally_s_las_vegas_hotel_casino,3.919601328903654	
usa_nevada_las-vegas_stratosphere_hotel_casino_and_tower,3.5667774086378734	
usa_nevada_las-vegas_polo_towers,3.9707317073170727	
usa_nevada_las-vegas_fairfield_inn_las_vegas_airport,4.011111111111111	
usa_nevada_las-vegas_jockey_club,3.953191489361702	
usa_nevada_las-vegas_el_cortez_hotel_casino,3.91219512195122	
usa_nevada_las-vegas_crestwood_suites_las_vegas_boulevard,3.6888888888888887	
usa_nevada_las-vegas_golden_gate_hotel_casino,3.827272727272727	
usa_nevada_las-vegas_emerald_suites,3.88235294117647	
usa_nevada_las-vegas_emerald_suites_cameron,3.833333333333333	
usa_nevada_las-vegas_hyatt_place_las_vegas,3.8967741935483873	
usa_nevada_las-vegas_eastside_cannery_casino_hotel,4.13	
usa_nevada_las-vegas_harrah_s_las_vegas_casino_hotel,3.8737541528239205	
usa_nevada_las-vegas_courtyard_by_marriott_las_vegas_south,4.158333333333333	
usa_nevada_las-vegas_excalibur_hotel_casino,3.6146179401993352	
usa_nevada_las-vegas_residence_inn_las_vegas_hughes_center,4.216666666666667	
usa_nevada_las-vegas_summer_bay_resort_las_vegas,3.719047619047619	
usa_nevada_las-vegas_fremont_hotel_and_casino,4.045333333333334	
usa_nevada_las-vegas_rio_suite_hotel_and_casino,3.5056478405315614	
usa_nevada_las-vegas_falcon_ridge_hotel,4.084848484848484	
usa_nevada_las-vegas_rodeway_inn_convention_center,3.794117647058824	
usa_nevada_las-vegas_flamingo_hotel_casino,3.6239202657807312	
usa_nevada_las-vegas_monte_carlo_resort_casino,3.6823920265780727	
usa_nevada_las-vegas_la_quinta_inn_las_vegas_airport,3.5799999999999996	
usa_nevada_las-vegas_las_vegas_club_36,3.5857142857142863	
usa_nevada_las-vegas_meridian_luxury_suites,4.0028985507246375	
usa_nevada_las-vegas_hard_rock_hotel_and_casino,3.259183673469387	
usa_nevada_las-vegas_the_palms_casino_hotel,3.4519337016574583	
usa_nevada_las-vegas_silverton_hotel_and_casino,3.5898305084745763	
usa_nevada_las-vegas_club_de_soleil,3.8036363636363637	
usa_nevada_las-vegas_casino_royale_and_hotel,3.9794871794871796	
usa_nevada_las-vegas_las_vegas_hilton,3.380730897009967	
usa_nevada_las-vegas_binion_s_horseshoe_hotel_casino_las_vegas,3.3672131147540982	
usa_nevada_las-vegas_the_westin_casuarina_las_vegas_hotel_casino_spa,3.5813953488372094	
usa_nevada_las-vegas_travelodge_ambassador_strip_inn,3.2941176470588234	
usa_nevada_las-vegas_luxor_las_vegas,3.2671096345514945	
usa_nevada_las-vegas_residence_inn_las_vegas_convention_center,3.8	
usa_nevada_las-vegas_royal_vacation_suites_hotel_las_vegas,3.651851851851852	
usa_nevada_las-vegas_riviera_hotel_casino,3.135548172757475	
usa_nevada_las-vegas_comfort_inn,3.7600000000000002	
usa_nevada_las-vegas_hooters_casino_hotel,3.420598006644518	
usa_nevada_las-vegas_palace_station,3.3744680851063835	
usa_nevada_las-vegas_california_hotel,3.768	
usa_nevada_las-vegas_imperial_palace_hotel_casino,3.5647840531561465	
usa_nevada_las-vegas_candlewood_suites_las_vegas,3.3714285714285714	
usa_nevada_las-vegas_fitzgeralds_casino_hotel,3.5167785234899327	
usa_nevada_las-vegas_best_western_mccarran_inn,3.6578947368421053	
usa_nevada_las-vegas_best_western_mardi_gras_hotel_casino,3.264583333333333	
usa_nevada_las-vegas_circus_circus_hotel_casino_las_vegas,3.124252491694352	
usa_nevada_las-vegas_arizona_charlie_s_boulder_casino_hotel,3.292857142857143	
usa_nevada_las-vegas_boulder_station_hotel_and_casino,3.353846153846154	
usa_nevada_las-vegas_motel_6_las_vegas_tropicana,3.2878048780487803	
usa_nevada_las-vegas_gold_spike_hotel_and_casino,3.3846153846153846	
usa_nevada_las-vegas_siena_suites,3.5181818181818185	
usa_nevada_las-vegas_texas_station_gambling_hall_and_hotel,3.1925925925925926	
usa_nevada_las-vegas_alexis_park_resort,3.1333333333333337	
usa_nevada_las-vegas_las_vegas_club_casino_hotel,3.2717948717948717	
usa_nevada_las-vegas_super_8_las_vegas,3.572222222222222	
usa_nevada_las-vegas_sahara_hotel_casino,2.8571428571428577	
usa_nevada_las-vegas_arizona_charlie_s_decatur,2.9	
usa_nevada_las-vegas_tropicana_resort_and_casino,3.0518272425249173	
usa_nevada_las-vegas_somerset_house_motel,3.96	
usa_nevada_las-vegas_plaza_hotel_casino,2.9138121546961324	
usa_nevada_las-vegas_americas_best_value_inn_las_vegas,2.72972972972973	
usa_nevada_las-vegas_greek_isles_hotel_casino,2.9230769230769234	
usa_nevada_las-vegas_whiskey_pete_s_casino_and_hotel,3.1186440677966103	
usa_nevada_las-vegas_tropicana_inn,3.09375	
usa_nevada_las-vegas_wild_wild_west_gambling_hall_and_hotel,2.5733333333333333	
usa_nevada_las-vegas_howard_johnson_las_vegas_strip,2.4454545454545453	
usa_nevada_las-vegas_blair_house_suites,2.9125	
usa_nevada_las-vegas_las_vegas_south_strip_travelodge,3.2823529411764705	
usa_nevada_las-vegas_aruba_hotel,2.723076923076923	
usa_nevada_las-vegas_atrium_suites_hotel_las_vegas,3.2	
usa_nevada_las-vegas_santa_fe_station_hotel,2.381818181818182	
usa_nevada_las-vegas_the_resort_on_mount_charleston,2.6769230769230767	
usa_nevada_las-vegas_knights_inn_las_vegas,1.8526315789473684	
usa_nevada_las-vegas_emerald_suites_tropicana,2.814285714285714	
usa_nevada_las-vegas_circus_circus_manor_motor_lodge,2.5153846153846153	
usa_nevada_las-vegas_clarion_emerald_springs,1.9300000000000002	
usa_nevada_las-vegas_motel_6,1.5636363636363637	
usa_nevada_las-vegas_knights_inn,1.988235294117647	
usa_nevada_las-vegas_artisan_hotel,2.4651162790697674	
uk_england_london_the_milestone_hotel,4.77480315	
uk_england_london_the_soho_hotel,4.752941176	
uk_england_london_hotel_41,4.662831858	
uk_england_london_sofitel_st_james_london,4.625	
uk_england_london_the_halkin,4.6	
uk_england_london_the_montague_on_the_gardens,4.609302326	
uk_england_london_city_inn_westminster,4.548837209	
uk_england_london_apex_city_of_london,4.598006645	
uk_england_london_the_chesterfield_mayfair_hotel,4.617940199	
uk_england_london_covent_garden_hotel,4.702272727	
uk_england_london_draycott_hotel,4.7	
uk_england_london_egerton_house_hotel,4.745454545	
uk_england_london_the_sumner_hotel,4.577165354	
uk_england_london_hilton_london_canary_wharf,4.553846154	
uk_england_london_base2stay_kensington,4.575415282	
uk_england_london_hoxton_hotel,4.473754153	
uk_england_london_the_levin,4.748387097	
uk_england_london_hilton_london_tower_bridge,4.487272727	
uk_england_london_the_stafford_hotel,4.66875	
uk_england_london_haymarket_hotel,4.548	
uk_england_london_rubens_at_the_palace,4.480985915	
uk_england_london_the_goring,4.458536585	
uk_england_london_the_kensington_hotel,4.48	
uk_england_london_luna_simone_hotel,4.562790698	
uk_england_london_wyndham_grand_london_chelsea_harbour,4.375	
uk_england_london_renaissance_chancery_court_london,4.463909774	
uk_england_london_plaza_on_the_river_club_and_residence,4.484615385	
uk_england_london_royal_horseguards,4.344493392	
uk_england_london_london_bridge_hotel,4.472425249	
uk_england_london_st_james_s_hotel_and_club,4.608695652	
uk_england_london_threadneedles_hotel,4.4375	
uk_england_london_the_lanesborough_a_st_regis_hotel,4.669565217	
uk_england_london_royal_park_hotel,4.464827586	
uk_england_london_one_aldwych,4.391428571	
uk_england_london_the_langham_london,4.378151261	
uk_england_london_premier_inn_london_county_hall,4.42192691	
uk_england_london_the_cavendish_london,4.439344262	
uk_england_london_athenaeum_hotel_apartments,4.392537313	
uk_england_london_ashburn_hotel,4.473504274	
uk_england_london_claridge_s,4.42	
uk_england_london_knightsbridge_hotel,4.697674419	
uk_england_london_church_street_hotel,4.432	
uk_england_london_the_connaught,4.496969697	
uk_england_london_the_zetter,4.346987952	
uk_england_london_the_parkcity,4.402657807	
uk_england_london_premier_inn_london_city_tower_hill,4.37593985	
uk_england_london_megaro_hotel,4.489361702	
uk_england_london_the_bermondsey_square_hotel,4.431372549	
uk_england_london_london_marriott_west_india_quay,4.335294118	
uk_england_london_k_k_hotel_george,4.324657534	
uk_england_london_ridgemount_hotel,4.33368984	
uk_england_london_andaz_london,4.22	
uk_england_london_the_dorchester,4.46	
uk_england_london_dukes_hotel,4.436363636	
uk_england_london_brown_s_hotel,4.408333333	
uk_england_london_london_southwark_premier_inn,4.448484848	
uk_england_london_charlotte_street_hotel,4.513333333	
uk_england_london_the_bloomsbury_hotel,4.478481013	
uk_england_london_glenlyn_guest_house,4.311764706	
uk_england_london_grosvenor_house_a_jw_marriott_hotel,4.334285714	
uk_england_london_premier_inn_london_kings_cross_st_pancras,4.423111111	
uk_england_london_the_pelham_hotel,4.6625	
uk_england_london_collingham_apartments,4.371428571	
uk_england_london_the_beaufort,4.416470588	
uk_england_london_flemings_mayfair_hotel,4.447945205	
uk_england_london_novotel_london_greenwich,4.336986301	
uk_england_london_the_trafalgar_hotel,4.28590604	
uk_england_london_the_grand_at_trafalgar_square,4.289270386	
uk_england_london_parkes_hotel,4.605	
uk_england_london_hyatt_regency_london_the_churchill,4.291071429	
uk_england_london_space_apart_hotel,4.476923077	
uk_england_london_the_darlington_hyde_park,4.345777778	
uk_england_london_crowne_plaza_london_kensington,4.263507109	
uk_england_london_searcy_s_roof_garden_rooms,4.337931034	
uk_england_london_ramada_encore_london_west,4.122689076	
uk_england_london_holiday_inn_express_london_park_royal,4.243678161	
uk_england_london_arosfa,4.401449275	
uk_england_london_mic_hotel_and_conference_center,4.463636364	
uk_england_london_hotel_indigo_london_paddington,4.410204082	
uk_england_london_montagu_place_hotel,4.56	
uk_england_london_crowne_plaza_london_shoreditch,4.175206612	
uk_england_london_lancaster_london,4.077832512	
uk_england_london_dorset_square,4.367741935	
uk_england_london_marriott_london_park_lane,4.443010753	
uk_england_london_cadogan_hotel,4.353246753	
uk_england_london_radisson_edwardian_leicester_square_hotel,4.306976744	
uk_england_london_novotel_london_paddington,4.307142857	
uk_england_london_novotel_london_tower_bridge,4.125925926	
uk_england_london_chiswick_moran_hotel,4.286538462	
uk_england_london_radisson_edwardian_bloomsbury_street,4.435443038	
uk_england_london_intercontinental_london_park_lane_hotel,4.319178082	
uk_england_london_radisson_edwardian_new_providence_wharf,4.258666667	
uk_england_london_park_plaza_county_hall_london,4.130555556	
uk_england_london_london_lodge_hotel,4.351898734	
uk_england_london_the_sanctuary_house_hotel,4.328421053	
uk_england_london_rhodes_hotel,4.289795918	
uk_england_london_the_may_fair,4.186577181	
uk_england_london_crowne_plaza_london_the_city,4.302040816	
uk_england_london_swissotel_the_howard,4.280952381	
uk_england_london_amsterdam_hotel,4.352475248	
uk_england_london_novotel_london_st_pancras,4.188481675	
uk_england_london_rookery_hotel,4.283333333	
uk_england_london_london_marriott_hotel_marble_arch,4.238297872	
uk_england_london_crown_moran_hotel,4.216	
uk_england_london_premier_inn_london_euston,4.198165138	
uk_england_london_club_quarters_st_paul_s,4.124369748	
uk_england_london_premier_inn_london_hampstead,4.335714286	
uk_england_london_hotel_55,4.2	
uk_england_london_premier_inn_london_kensington_olympia,4.251612903	
uk_england_london_sheraton_belgravia_hotel,4.244444444	
uk_england_london_chamberlain_hotel,4.124137931	
uk_england_london_marriott_london_county_hall,4.28	
uk_england_london_hazlitt_s,4.177777778	
uk_england_london_four_seasons_hotel_canary_wharf,4.1375	
uk_england_london_vancouver_studios,4.22	
uk_england_london_grange_st_paul_s_hotel,4.329032258	
uk_england_london_hilton_london_islington,4.104761905	
uk_england_london_radisson_edwardian_hampshire_hotel,4.131972789	
uk_england_london_the_capital_hotel,4.4	
uk_england_london_club_quarters_gracechurch,3.792857143	
uk_england_london_melia_white_house,4.062585034	
uk_england_london_baglioni_hotel_london,4.466666667	
uk_england_london_sydney_house,4.511764706	
uk_england_london_novotel_london_city_south,3.9875	
uk_england_london_premier_inn_london_putney_bridge,4.296969697	
uk_england_london_mercure_london_city_bankside,4.089655172	
uk_england_london_the_rembrandt,4.023899371	
uk_england_london_parkwood_hotel,4.232653061	
uk_england_london_harrington_hall_hotel,4.127272727	
uk_england_london_51_buckingham_gate_taj_suites_and_residences,4.306666667	
uk_england_london_millers_residence,4.333333333	
uk_england_london_radisson_edwardian_mountbatten_hotel,4.032704403	
uk_england_london_park_plaza_riverbank_london,3.990322581	
uk_england_london_park_plaza_victoria_london,3.926315789	
uk_england_london_premier_inn_london_kensington,4.255474453	
uk_england_london_london_marriott_hotel_regents_park,3.953846154	
uk_england_london_london_marriott_hotel_kensington,3.99047619	
uk_england_london_marriott_london_grosvenor_square_hotel,4.169411765	
uk_england_london_the_ritz_london,4.316853933	
uk_england_london_windermere_hotel,3.851612903	
uk_england_london_the_euro_hotel,4.184810127	
uk_england_london_the_mansions_apartments,4.266666667	
uk_england_london_novotel_london_excel,4.175	
uk_england_london_jumeirah_lowndes_hotel,4.336	
uk_england_london_grange_city_hotel,4.068449198	
uk_england_london_the_gore_hotel,4.26440678	
uk_england_london_st_martins_lane_hotel,4.080263158	
uk_england_london_her_majesty_hotel,4.207142857	
uk_england_london_charing_cross,4.047560976	
uk_england_london_hilton_london_paddington,4.036966825	
uk_england_london_caring_hotel,4.101333333	
uk_england_london_the_landmark_london,4.163076923	
uk_england_london_ibis_london_city,4.035294118	
uk_england_london_holiday_inn_express_london_swiss_cottage,4.171428571	
uk_england_london_radisson_edwardian_berkshire_hotel,4.218421053	
uk_england_london_sloane_square_hotel,4.072340426	
uk_england_london_the_fox_goose_hotel,4.109090909	
uk_england_london_the_colonnade_london,3.927272727	
uk_england_london_alhambra_hotel,4.076829268	
uk_england_london_royal_garden_hotel,4.085245902	
uk_england_london_number_sixteen,4.312	
uk_england_london_melbourne_house_hotel,4.243243243	
uk_england_london_the_berkeley,4.058181818	
uk_england_london_devonport_house,4.153571429	
uk_england_london_park_inn_london_russell_square,3.983098592	
uk_england_london_malmaison_london,3.977272727	
uk_england_london_best_western_the_boltons_hotel,4.261538462	
uk_england_london_holiday_inn_express_wandsworth_battersea,4.04	
uk_england_london_mandeville_hotel,4.120634921	
uk_england_london_millennium_bailey_s_hotel,4.031111111	
uk_england_london_196_bishopsgate,4.097142857	
uk_england_london_millennium_mayfair_hotel,4.062576687	
uk_england_london_the_rockwell,4.057777778	
uk_england_london_top_hotel_kensington_gardens,3.744827586	
uk_england_london_crowne_plaza_hotel_london_ealing,4.194117647	
uk_england_london_staunton_hotel,4.235897436	
uk_england_london_kingsway_hall_hotel,4.194594595	
uk_england_london_the_savoy,4.208888889	
uk_england_london_the_marylebone_hotel,3.902994012	
uk_england_london_twenty_nevern_square,4.309836066	
uk_england_london_nh_kensington,4.042352941	
uk_england_london_holiday_inn_express_earls_court,4.002150538	
uk_england_london_jurys_inn_islington,3.850406504	
uk_england_london_hilton_london_kensington,3.789256198	
uk_england_london_premier_inn_london_docklands_excel,3.846153846	
uk_england_london_trebovir,4.079310345	
uk_england_london_marriott_london_maida_vale,3.81627907	
uk_england_london_the_courthouse_doubletree_by_hilton,4.16	
uk_england_london_radisson_sas_hotel_london_stansted_airport,4.148387097	
uk_england_london_cranley_hotel,4.066666667	
uk_england_london_best_western_the_cromwell,4.167567568	
uk_england_london_holiday_inn_london_camden_lock,4.179047619	
uk_england_london_days_hotel_london_shoreditch,3.881081081	
uk_england_london_travelodge_london_southwark,4.059459459	
uk_england_london_byron_hotel,3.922302158	
uk_england_london_millennium_copthorne_hotels_at_chelsea_football_club,3.897619048	
uk_england_london_olympic_house_hotel,3.724137931	
uk_england_london_hilton_london_metropole,3.720265781	
uk_england_london_jurys_inn_chelsea,3.916363636	
uk_england_london_sheraton_park_tower,3.989873418	
uk_england_london_premier_inn_london_tower_bridge,4	
uk_england_london_myhotel_chelsea,3.866666667	
uk_england_london_no_5_maddox_street,4.5	
uk_england_london_holiday_inn_express_london_wimbledon_south,3.931034483	
uk_england_london_the_royal_trafalgar_by_thistle,3.63030303	
uk_england_london_blandford_hotel,4.219354839	
uk_england_london_crowne_plaza_london_st_james,3.775722543	
uk_england_london_millennium_gloucester,3.868181818	
uk_england_london_london_house_hotel,3.740625	
uk_england_london_the_metropolitan,4.053846154	
uk_england_london_holiday_inn_london_kensington_forum,3.869767442	
uk_england_london_radisson_edwardian_grafton_hotel,3.740562249	
uk_england_london_hilton_london_docklands,3.700787402	
uk_england_london_holiday_inn_express_london_newbury_park,3.991666667	
uk_england_london_royal_court_apartments,3.866176471	
uk_england_london_grange_fitzrovia_hotel,3.908108108	
uk_england_london_novotel_london_waterloo,3.836619718	
uk_england_london_the_waldorf_hilton,4.026855124	
uk_england_london_citadines_holborn_covent_garden,3.538888889	
uk_england_london_comfort_inn_buckingham_palace_road,4.15	
uk_england_london_danubius_hotel_regents_park,3.76	
uk_england_london_best_western_phoenix_hotel,3.935877863	
uk_england_london_sanderson_hotel_london,4.004938272	
uk_england_london_days_hotel_london_hyde_park,3.592592593	
uk_england_london_washington_mayfair_hotel,3.85862069	
uk_england_london_strand_palace_hotel,3.809966777	
uk_england_london_premier_inn_london_hammersmith,4.110344828	
uk_england_london_london_guards_hotel,3.634615385	
uk_england_london_dolphin_house,4.031578947	
uk_england_london_ambassadors_hotel_in_bloomsbury,3.888607595	
uk_england_london_holiday_inn_london_brentford_lock,4.115555556	
uk_england_london_mandarin_oriental_hyde_park_london,3.984375	
uk_england_london_st_david_s_hotels,4.064197531	
uk_england_london_holiday_inn_express_london_limehouse,3.869090909	
uk_england_london_22_jermyn_street,4.263157895	
uk_england_london_euston_square_hotel,3.391780822	
uk_england_london_ramada_hotel_and_suites_london_docklands,3.812307692	
uk_england_london_mad_hatter_hotel,3.811764706	
uk_england_london_the_leonard_hotel,4.093877551	
uk_england_london_jumeirah_carlton_tower,4.073170732	
uk_england_london_travelodge_london_tower_bridge,3.997333333	
uk_england_london_ascott_mayfair,3.9875	
uk_england_london_southwark_rose_hotel,3.868571429	
uk_england_london_holiday_inn_london_bloomsbury,3.947826087	
uk_england_london_hesperia_london_victoria_hotel,3.8125	
uk_england_london_holiday_inn_london_brent_cross,3.625641026	
uk_england_london_radisson_sas_portman_hotel,3.905405405	
uk_england_london_dalmacia_hotel,3.875	
uk_england_london_easyhotel_london_earls_court,3.860215054	
uk_england_london_london_elizabeth_hotel,3.974311927	
uk_england_london_radisson_edwardian_vanderbilt,3.689340102	
uk_england_london_city_hotel,3.080519481	
uk_england_london_best_western_john_howard_hotel,3.777777778	
uk_england_london_holiday_inn_express_london_hammersmith,3.986956522	
uk_england_london_the_lancaster,3.91875	
uk_england_london_park_plaza_sherlock_holmes_london,3.904697987	
uk_england_london_the_portland_hotel,3.928	
uk_england_london_thanet_hotel,3.8	
uk_england_london_commodore_hotel,3.7825	
uk_england_london_castleton_hotel,3.736666667	
uk_england_london_grange_rochester_hotel,3.656	
uk_england_london_kensington_house_hotel,3.841025641	
uk_england_london_guesthouse_west,3.96	
uk_england_london_park_inn_hyde_park,3.581666667	
uk_england_london_the_kingsley_by_thistle,3.44	
uk_england_london_rathbone_hotel,3.896875	
uk_england_london_lancaster_hall_hotel,3.703448276	
uk_england_london_shaftesbury_hyde_park_international,3.84375	
uk_england_london_falcon_hotel,3.964	
uk_england_london_edward_lear_hotel,3.875409836	
uk_england_london_london_hilton_on_park_lane,3.898684211	
uk_england_london_tudor_court_hotel,3.825	
uk_england_london_the_vicarage_hotel,4	
uk_england_london_the_academy,3.726666667	
uk_england_london_the_maranton_house_hotel,3.9	
uk_england_london_crowne_plaza_london_docklands,3.791397849	
uk_england_london_adria_hotel,3.933333333	
uk_england_london_buckingham_hotel,3.969230769	
uk_england_london_fraser_place_queens_gate,3.9	
uk_england_london_best_western_victoria_palace,4.08	
uk_england_london_queensway_hotel,3.739130435	
uk_england_london_garden_court_hotel,4.054545455	
uk_england_london_harlingford_hotel,3.736842105	
uk_england_london_la_suite_executive_hotel,3.931034483	
uk_england_london_westbury_mayfair,3.923943662	
uk_england_london_the_caesar,3.6671875	
uk_england_london_the_beauchamp,4.163636364	
uk_england_london_days_hotel_london_north,3.928	
uk_england_london_hart_house_hotel,4.3	
uk_england_london_merlyn_court_hotel,4.064705882	
uk_england_london_elizabeth_hotel,3.550943396	
uk_england_london_myhotel_bloomsbury,3.698181818	
uk_england_london_globetrotter_inn,3.815	
uk_england_london_the_tower,3.443137255	
uk_england_london_holiday_inn_express_london_southwark,3.710526316	
uk_england_london_hotel_meridiana,3.882191781	
uk_england_london_hilton_london_hyde_park,3.675324675	
uk_england_london_americana_hotel,3.869230769	
uk_england_london_thistle_marble_arch,3.728723404	
uk_england_london_astons_apartments,3.59047619	
uk_england_london_best_western_burns_hotel,3.666666667	
uk_england_london_radisson_edwardian_kenilworth_hotel,3.701775148	
uk_england_london_the_oxford_hotel,3.674418605	
uk_england_london_grange_holborn_hotel,3.716981132	
uk_england_london_hilton_london_euston,3.657352941	
uk_england_london_holiday_inn_express_london_royal_docks_docklands,3.650980392	
uk_england_london_ramada_hyde_park,3.728735632	
uk_england_london_ruskin,3.99047619	
uk_england_london_ibis_london_euston_st_pancras,3.760810811	
uk_england_london_blades_hotel,4.15625	
uk_england_london_shaftesbury_metropolis_london_hyde_park,3.911111111	
uk_england_london_cherry_court_hotel,3.997260274	
uk_england_london_stylotel,3.88852459	
uk_england_london_custom_house_hotel,3.045360825	
uk_england_london_grim_s_dyke_hotel,3.788888889	
uk_england_london_novotel_london_west,3.517142857	
uk_england_london_best_western_lodge_hotel_putney,3.836842105	
uk_england_london_sunborn_yacht_hotel,3.87	
uk_england_london_wyndham_hotel,4.2	
uk_england_london_ibis_london_earls_court,3.591803279	
uk_england_london_barkston_garden_hotel_kensington,3.384172662	
uk_england_london_crescent_hotel,3.907692308	
uk_england_london_comfort_inn_edgware_road,3.695238095	
uk_england_london_holiday_inn_london_mayfair,3.59270073	
uk_england_london_comfort_inn_kings_cross,3.342857143	
uk_england_london_citadines_london_barbican,3.688235294	
uk_england_london_citadines_london_trafalgar_square,3.634951456	
uk_england_london_copthorne_tara_hotel_london_kensington,3.569072165	
uk_england_london_corus_hotel_hyde_park,3.589387755	
uk_england_london_fairway_hotel,3.595121951	
uk_england_london_travelodge_london_euston,3.8075	
uk_england_london_scala_house,4.2	
uk_england_london_54_boutique_hotel,3.7375	
uk_england_london_jenkins_hotel,3.854545455	
uk_england_london_new_linden_hotel,3.668852459	
uk_england_london_days_inn_london_waterloo,3.536507937	
uk_england_london_best_western_shaftesbury_hotel,3.661538462	
uk_england_london_seven_dials_hotel,3.979487179	
uk_england_london_russell_hotel,3.509505703	
uk_england_london_thistle_piccadilly,3.669090909	
uk_england_london_holiday_inn_express_london_greenwich,3.613333333	
uk_england_london_millennium_knightsbridge_hotel,3.546875	
uk_england_london_crestfield_hotel,3.483870968	
uk_england_london_regency_hotel_queen_s_gate,3.416666667	
uk_england_london_langorf_hotel_apartments,3.634146341	
uk_england_london_holiday_inn_london_regent_s_park,3.657352941	
uk_england_london_notting_hill_gate_hotel,3.46875	
uk_england_london_wardonia_hotel,3.685	
uk_england_london_fraser_place_canary_wharf,3.96	
uk_england_london_camden_lock_hotel,3.9	
uk_england_london_winchester_hotel,3.790163934	
uk_england_london_comfort_inn_vauxhall,3.076470588	
uk_england_london_thistle_kensington_gardens,3.40952381	
uk_england_london_grange_white_hall_hotel,3.763265306	
uk_england_london_westland_hotel,4.057142857	
uk_england_london_sidney_hotel,3.425490196	
uk_england_london_elysee_hotel,3.515254237	
uk_england_london_regency_house,3.767741935	
uk_england_london_travelodge_city_road,3.675816993	
uk_england_london_le_meridien_piccadilly,3.496590909	
uk_england_london_portobello_hotel,3.894117647	
uk_england_london_jolly_st_ermin_s_hotel,3.61827957	
uk_england_london_radisson_edwardian_sussex_hotel,3.689655172	
uk_england_london_hotel_westminster,3.525	
uk_england_london_ace_hotel,3.618604651	
uk_england_london_the_cumberland,3.479069767	
uk_england_london_quality_crown_hotel_paddington,3.899159664	
uk_england_london_reem_hotel,3.257627119	
uk_england_london_abcone_hotel,3.496551724	
uk_england_london_britannia_international_hotel,2.866666667	
uk_england_london_westbury_kensington,3.183333333	
uk_england_london_victor_hotel,3.572222222	
uk_england_london_durrants_hotel,3.784	
uk_england_london_enrico_hotel,3.32195122	
uk_england_london_garden_view_hotel,3.006153846	
uk_england_london_henley_house_hotel,3.736363636	
uk_england_london_umi_london,3.527835052	
uk_england_london_the_gallery_hotel,3.776470588	
uk_england_london_london_town_hotel,3.577777778	
uk_england_london_best_western_mostyn_hotel,3.528089888	
uk_england_london_holiday_inn_london_kings_cross_bloomsbury,3.210769231	
uk_england_london_marlin_apartments_empire_square,3.774193548	
uk_england_london_the_shaftesbury_kensington,3.649122807	
uk_england_london_travelodge_london_covent_garden,3.584980237	
uk_england_london_enterprise_hotel,3.276923077	
uk_england_london_piccolino_hotel,3.655319149	
uk_england_london_grosvenor_kensington_hotel,3.031578947	
uk_england_london_georgian_house_hotel,3.392156863	
uk_england_london_bedford_hotel,3.514285714	
uk_england_london_melita_house_hotel,3.614814815	
uk_england_london_the_hempel,3.210909091	
uk_england_london_park_international_hotel,3.547169811	
uk_england_london_holiday_inn_express_london_stratford,3.447619048	
uk_england_london_easyhotel_london_victoria,3.488461538	
uk_england_london_oliver_plaza_hotel,3.18	
uk_england_london_easyhotel_london_south_kensington,3.382222222	
uk_england_london_k_west_hotel_spa,3.520895522	
uk_england_london_the_fielding_hotel,3.786666667	
uk_england_london_holiday_inn_express_london_city,3.076	
uk_england_london_cardiff_hotel,3.659375	
uk_england_london_the_columbus_hotel,3.542857143	
uk_england_london_grange_strathmore_hotel,3.629166667	
uk_england_london_belgrave_hotel,3.8	
uk_england_london_the_columbia,3.533333333	
uk_england_london_best_western_swiss_cottage_hotel,3.436842105	
uk_england_london_imperial_hotel,3.524074074	
uk_england_london_thistle_hyde_park,3.388235294	
uk_england_london_holiday_inn_express_london_victoria,3.497142857	
uk_england_london_days_inn_london_westminster,3.391780822	
uk_england_london_howard_winchester_hotel,3.689473684	
uk_england_london_montana_hotel,3.796969697	
uk_england_london_the_hyde_park_towers_hotel,3.219130435	
uk_england_london_abba_queen_s_gate_hotel,3.022222222	
uk_england_london_albion_house_hotel,3.4	
uk_england_london_the_clarendon_hotel,3.454545455	
uk_england_london_chrysos_hotel,3.721428571	
uk_england_london_president_hotel,3.489855072	
uk_england_london_hilton_london_green_park,3.516	
uk_england_london_abbey_court_hyde_park,3.063157895	
uk_england_london_best_western_corona,3.335211268	
uk_england_london_royal_eagle_hotel,3.112121212	
uk_england_london_city_continental_london_kensington,3.192156863	
uk_england_london_saint_georges_hotel,3.6	
uk_england_london_mitre_house_hotel,3.456521739	
uk_england_london_stanley_house,3.05	
uk_england_london_st_mark_hotel,2.904347826	
uk_england_london_la_gaffe,3.753846154	
uk_england_london_saint_simeon,2.72173913	
uk_england_london_the_park_lane_sheraton_hotel,3.336231884	
uk_england_london_europa_house_hotel,3.65	
uk_england_london_hotel_ibis_london_docklands,3.636363636	
uk_england_london_arriva_hotel,2.816	
uk_england_london_travelodge_london_docklands,3.284782609	
uk_england_london_troy_hotel,3.67	
uk_england_london_windsor_house_hotel,3.383505155	
uk_england_london_rasool_court_hotel,2.466666667	
uk_england_london_orchard_hotel,2.956756757	
uk_england_london_ramada_ealing,3.484848485	
uk_england_london_astor_court_hotel,3.418518519	
uk_england_london_princes_square_hotel,3.377777778	
uk_england_london_duke_of_leinster_hotel,3.315151515	
uk_england_london_hilton_london_olympia,3.145794393	
uk_england_london_the_paddington_hotel,2.584615385	
uk_england_london_kensington_west_hotel,3.303846154	
uk_england_london_the_balmoral_house_hotel,3.792307692	
uk_england_london_my_place_hotel,2.947619048	
uk_england_london_lord_kensington_hotel,3.738461538	
uk_england_london_athena_hotel,3.1	
uk_england_london_st_george_s_hotel,2.814285714	
uk_england_london_marlin_apartments_olympic_view,3.223529412	
uk_england_london_thistle_westminster,3.329113924	
uk_england_london_leigham_court_hotel,3.283333333	
uk_england_london_best_western_the_delmere_hotel,3.527272727	
uk_england_london_travelodge_london_city_airport_hotel,3.665517241	
uk_england_london_mentone_hotel,3.375609756	
uk_england_london_boulevard_hotel,3.12	
uk_england_london_travelodge_london_kew_bridge,3.376744186	
uk_england_london_travelodge_london_liverpool_street,3.452173913	
uk_england_london_quality_hotel_hampstead,3.472727273	
uk_england_london_rydges_kensington_plaza_hotel,3.222222222	
uk_england_london_hotel_rushmore,3.555555556	
uk_england_london_holiday_villa_london,3.021621622	
uk_england_london_hyde_park_executive_apartments_hotel,3.281927711	
uk_england_london_hotel_82,3.429411765	
uk_england_london_mayflower_hotel_apartments,3.363963964	
uk_england_london_the_hyde_park_hotel,3.096296296	
uk_england_london_pasha_hotel,3.514285714	
uk_england_london_henry_viii_hotel,3.150684932	
uk_england_london_shaftesbury_premier_hotel_london_paddington,3.56	
uk_england_london_royal_adelphi_hotel,3.459259259	
uk_england_london_travelodge_london_battersea,3.155555556	
uk_england_london_holiday_inn_oxford_circus,3.290625	
uk_england_london_ashley_hotel,3.515555556	
uk_england_london_queens_hotel,4.6	
uk_england_london_oxford_hotel,3.130909091	
uk_england_london_shaftesbury_premier_london_notting_hill,3.564705882	
uk_england_london_blakes_hotel,3.571428571	
uk_england_london_menzies_prince_regent,3.546666667	
uk_england_london_hyde_hotel,2.9	
uk_england_london_kensington_close_hotel,3.097247706	
uk_england_london_tavistock_hotel,3.293684211	
uk_england_london_eleven_cadogan_gardens,4.046153846	
uk_england_london_travelodge_london_aldgate_east_hotel,3.43902439	
uk_england_london_abbey_court_hotel,2.992857143	
uk_england_london_travelodge_london_marylebone,3.252747253	
uk_england_london_the_omega_hotel,3.876923077	
uk_england_london_curzon_plaza,3.237209302	
uk_england_london_montana_excel,3.430434783	
uk_england_london_waverley_house_hotel,3.111627907	
uk_england_london_antoinette_hotel_wimbledon,3.295238095	
uk_england_london_lord_jim_hotel,3.072222222	
uk_england_london_derby_hotel,3.167741935	
uk_england_london_gresham_hotel_london,3.003846154	
uk_england_london_st_giles_hotel_london,3.234551495	
uk_england_london_the_grosvenor,3.003524229	
uk_england_london_best_western_paddington_court_hotel_suites,2.977419355	
uk_england_london_westpoint_hotel,3.366666667	
uk_england_london_berjaya_eden_park_hotel,3.0625	
uk_england_london_ibis_london_greenwich,3.40952381	
uk_england_london_comfort_inn_victoria,3.421875	
uk_england_london_thistle_euston,3.040462428	
uk_england_london_linden_house_hotel,2.9	
uk_england_london_the_dover_hotel,3.157446809	
uk_england_london_limegrove_hotel,3.116666667	
uk_england_london_quality_crown_hotel_hyde_park,3.453191489	
uk_england_london_sleeping_beauty_motel,2.668085106	
uk_england_london_easyhotel_paddington_london,3.303448276	
uk_england_london_the_belvedere,3.013333333	
uk_england_london_hotel_california,3.291891892	
uk_england_london_raglan_hotel,2.994444444	
uk_england_london_citadines_london_south_kensington,2.4	
uk_england_london_kensington_rooms,2.894915254	
uk_england_london_quality_crown_hotel_kensington,3.486419753	
uk_england_london_beaver_hotel,2.9	
uk_england_london_mowbray_court_hotel,3.414814815	
uk_england_london_the_gainsborough_hotel,2.830769231	
uk_england_london_britannia_hampstead_hotel,2.72962963	
uk_england_london_caswell_hotel,3.184615385	
uk_england_london_quality_hotel_wembley,2.983783784	
uk_england_london_thistle_bloomsbury_park,3.105376344	
uk_england_london_european_hotel,2.671428571	
uk_england_london_wedgewood_hotel,2.133333333	
uk_england_london_edward_hotel,2.745	
uk_england_london_the_norfolk_towers_hotel,2.896	
uk_england_london_ramada_jarvis_marylebone_hotel,4.1	
uk_england_london_cavendish_hotel,3.248888889	
uk_england_london_ibis_london_docklands,3.115151515	
uk_england_london_norfolk_plaza_hotel,2.491428571	
uk_england_london_the_tophams_hotel_belgravia,3.329166667	
uk_england_london_nayland_hotel,3.022222222	
uk_england_london_blakemore_hotel,2.926315789	
uk_england_london_best_western_mornington_hotel,2.95483871	
uk_england_london_cranley_gardens_hotel,3.055555556	
uk_england_london_alexandra_hotel,2.8	
uk_england_london_queens_park_hotel,2.8	
uk_england_london_la_reserve,2.863636364	
uk_england_london_travelodge_chessington_tolworth,3.282352941	
uk_england_london_1_lexham_gardens,3.004651163	
uk_england_london_victoria_inn,2.951724138	
uk_england_london_royal_national_hotel,2.976079734	
uk_england_london_travelodge_london_kings_cross_royal_scot,2.874871795	
uk_england_london_leisure_inn,2.872413793	
uk_england_london_regent_s_park_hotel,2.75	
uk_england_london_thistle_city_barbican,2.636293436	
uk_england_london_bayswater_inn,2.665384615	
uk_england_london_west_cromwell_hotel,2.835294118	
uk_england_london_brompton_hotel_london,2.822222222	
uk_england_london_hotel_la_place,3.173333333	
uk_england_london_prince_william_hotel,2.440677966	
uk_england_london_grange_langham_court,2.906666667	
uk_england_london_brunel_hotel,2.62	
uk_england_london_central_house_hotel,2.641935484	
uk_england_london_grand_royale_london_hyde_park,2.88852459	
uk_england_london_holly_house_hotel,2.384	
uk_england_london_huttons_hotel,3.106896552	
uk_england_london_avni_kensington,2.941176471	
uk_england_london_palace_court_hotel,2.502439024	
uk_england_london_kensington_townhouse_london,2.932	
uk_england_london_shaftesbury_premier_hyde_park_paddington,2.943478261	
uk_england_london_seymour_hotel,3.333333333	
uk_england_london_ambassadors_hotel,2.491566265	
uk_england_london_averard_hotel,2.972413793	
uk_england_london_rose_court_hotel,2.306060606	
uk_england_london_bakers_hotel,2.835294118	
uk_england_london_grantly_hotel,3.266666667	
uk_england_london_jubilee_hotel,3.088888889	
uk_england_london_comfort_hotel_harrow,2.65	
uk_england_london_lords_hotel,2.917647059	
uk_england_london_beverley_city_hotel,2.785714286	
uk_england_london_bickenhall_hotel,2.447619048	
uk_england_london_the_belgrove_hotel,2.6	
uk_england_london_dylan_house,2.823529412	
uk_england_london_travelodge_london_kings_cross,2.922077922	
uk_england_london_georgian_hotel,2.340740741	
uk_england_london_boka_hotel,2.86	
uk_england_london_majestic,2.373584906	
uk_england_london_130_queensgate_london_apartments,3.6	
uk_england_london_park_lane_mews_hotel,2.741304348	
uk_england_london_avon_hotel,3.176470588	
uk_england_london_royal_norfolk_hotel,2.566153846	
uk_england_london_dolphin_hotel,2.692307692	
uk_england_london_craven_gardens_hotel,2.771428571	
uk_england_london_travelodge_wembley,2.858333333	
uk_england_london_kensington_suite_hotel,2.576470588	
uk_england_london_berners_hotel,2.5	
uk_england_london_avonmore_hotel,2.823076923	
uk_england_london_langland_hotel,2.633333333	
uk_england_london_country_inn_suites_london_bloomsbury,3.058823529	
uk_england_london_holland_court_hotel,2.668421053	
uk_england_london_mabledon_court_hotel,2.663414634	
uk_england_london_thistle_selfridge,3.044444444	
uk_england_london_county_london,2.740425532	
uk_england_london_somerset_hotel,2.9	
uk_england_london_travelodge_london_farringdon,2.865346535	
uk_england_london_new_england_hotel,3.588888889	
uk_england_london_tria,2.773333333	
uk_england_london_pembridge_palace_hotel,2.409259259	
uk_england_london_york_house_hotel,2.674626866	
uk_england_london_pavilion_hotel,2.417142857	
uk_england_london_jubilee_court_hotel,4.2	
uk_england_london_travelodge_london_park_royal,2.669230769	
uk_england_london_airways_hotel,2.103797468	
uk_england_london_hotel_65,2.673333333	
uk_england_london_avni_hotel_at_courtfield,3.020833333	
uk_england_london_blue_bells_hotel,2.640816327	
uk_england_london_euro_hotel_clapham,2.313043478	
uk_england_london_hotel_olympia,2.167741935	
uk_england_london_edward_house,2.648	
uk_england_london_king_solomon_hotel,2.358974359	
uk_england_london_comfort_inn_hyde_park,1.65	
uk_england_london_vegas_hotel,2.164285714	
uk_england_london_belmont_astoria_hotels,2.5125	
uk_england_london_the_ascot_hotel,2.21	
uk_england_london_oliver_hotel,2.588888889	
uk_england_london_kensington_international_hotel,2.65	
uk_england_london_city_inn_express,2.377777778	
uk_england_london_lily_hotel,2.243076923	
uk_england_london_the_royal_cambridge_hotel,2.835714286	
uk_england_london_chester_hotel,2.277777778	
uk_england_london_aquarius_hotel,2.024	
uk_england_london_shakespeare_hotel,2.419354839	
uk_england_london_london_shelton_hotel,1.72	
uk_england_london_etap_hotel_london_city_airport,2.6	
uk_england_london_swinton_hotel,2.248	
uk_england_london_alexander_hotel_london,2.771428571	
uk_england_london_apollo_hotel_bayswater,2.38	
uk_england_london_glendale_hyde_park_hotel,2.342857143	
uk_england_london_knightsbridge_green_hotel,2.8	
uk_england_london_new_dawn_hotel,2.178571429	
uk_england_london_queens_hotel_crystal_palace,2.102325581	
uk_england_london_kings_hotel,1.97037037	
uk_england_london_belgrave_house_hotel,2.308108108	
uk_england_london_colliers_hotel,1.986666667	
uk_england_london_lidos_hotel,2.62	
uk_england_london_romanos_hotel,2.3	
uk_england_london_royal_hyde_park,2.32195122	
uk_england_london_kingsway_park_hotel,2.213333333	
uk_england_london_griffin_house_hotel,2.551724138	
uk_england_london_hyde_park_west,1.923076923	
uk_england_london_pembury_hotel,2.139130435	
uk_england_london_an_nur_anna_hotel,2.1	
uk_england_london_palace_hotel,2.433333333	
uk_england_london_the_barn_hotel,2	
uk_england_london_hyde_park_court_hotel,2.177777778	
uk_england_london_corbigoe_hotel,1.772727273	
uk_england_london_park_hotel,2	
uk_england_london_admiral_hotel,2.04	
uk_england_london_the_lonsdale_hotel,2.172727273	
uk_england_london_notting_hill_hotel,2.545454545	
uk_england_london_eden_plaza_hotel,2.131034483	
uk_england_london_hallam_hotel,2.423076923	
uk_england_london_blair_victoria_hotel,2.08	
uk_england_london_chiswick_court_hotel,2.277777778	
uk_england_london_cromwell_crown,1.775	
uk_england_london_premier_west_hotel,2.042857143	
uk_england_london_boston_court_hotel,1.638095238	
uk_england_london_manor_court_hotel,1.88	
uk_england_london_gresham_hotel,1.930769231	
uk_england_london_spring_park_hotel,1.546666667	
uk_england_london_radnor_bayswater_hotel,1.793333333	
uk_england_london_whiteleaf_hotel,1.825	
uk_england_london_regency_court_hotel,1.723076923	
uk_england_london_four_seasons_hotel_london_currently_closed,4.25	
can_montreal_le_relais_lyonnais,4.774117647058824	
can_montreal_le_petit_hotel,4.771428571428571	
can_montreal_hotel_le_st_james,4.658181818181818	
can_montreal_le_square_phillips_hotel_suites,4.618502202643172	
can_montreal_le_saint_sulpice,4.470796460176991	
can_montreal_loews_hotel_vogue,4.692857142857143	
can_montreal_hotel_gault,4.610126582278481	
can_montreal_holiday_inn_express_hotel_suites_montreal_airport,4.527272727272727	
can_montreal_embassy_suites_montreal,4.535922330097088	
can_montreal_hotel_kutuma,4.618181818181818	
can_montreal_hotel_xixe_siecle,4.498630136986302	
can_montreal_auberge_bonaparte,4.5396825396825395	
can_montreal_hotel_le_crystal,4.513953488372093	
can_montreal_sofitel_montreal,4.485964912280702	
can_montreal_le_place_d_armes_hotel_suites,4.450000000000001	
can_montreal_le_germain_hotel_montreal,4.6	
can_montreal_hilton_garden_inn_montreal_centre_ville,4.493103448275862	
can_montreal_hotel_nelligan,4.585454545454546	
can_montreal_parc_suites_hotel,4.5633333333333335	
can_montreal_residence_inn_by_marriott_montreal_downtown,4.3543859649122805	
can_montreal_hotel_dauphin_montreal_downtown,4.478947368421052	
can_montreal_w_montreal,4.262015503875968	
can_montreal_hotel_du_fort,4.3428571428571425	
can_montreal_courtyard_by_marriott_montreal_airport,4.344444444444444	
can_montreal_springhill_suites_old_montreal,4.407594936708861	
can_montreal_chateau_de_l_argoat,4.298924731182796	
can_montreal_marriott_chateau_champlain,4.249624060150376	
can_montreal_aloft_montreal_airport,4.345945945945945	
can_montreal_hotel_les_suites_labelle,3.894117647058823	
can_montreal_hotel_omni_mont_royal,4.191249999999999	
can_montreal_hilton_montreal_bonaventure,4.049019607843137	
can_montreal_hotel_de_la_montagne,4.212000000000001	
can_montreal_auberge_du_vieux_port,4.3421686746987955	
can_montreal_novotel_montreal_center,4.075757575757576	
can_montreal_le_1_rene_levesque,4.1	
can_montreal_intercontinental_montreal,4.126605504587156	
can_montreal_l_appartement_hotel,4.066666666666667	
can_montreal_sheraton_le_centre_montreal_hotel,3.909756097560975	
can_montreal_fairmont_the_queen_elizabeth,4.0158940397351	
can_montreal_chateau_versailles,4.1020408163265305	
can_montreal_delta_montreal_hotel,3.749593495934959	
can_montreal_candlewood_suites_montreal_centre_ville,4.007843137254902	
can_montreal_holiday_inn_express_montreal_centre_ville,4.056338028169014	
can_montreal_le_roberval,3.5846153846153848	
can_montreal_opus_hotel_montreal,4.160975609756098	
can_montreal_gouverneur_hotel_place_dupuis,4.144444444444444	
can_montreal_hotel_st_denis,4.017857142857143	
can_montreal_sandman_hotel_montreal_longueuil,3.9288888888888893	
can_montreal_hotel_st_paul,3.8631578947368417	
can_montreal_delta_centre_ville,3.8579999999999997	
can_montreal_residence_inn_montreal_westmount,3.6347826086956525	
can_montreal_le_westin_montreal,4.037037037037036	
can_montreal_days_inn_montreal_downtown,3.453333333333333	
can_montreal_hyatt_regency_montreal,3.8201438848920866	
can_montreal_ritz_carlton_montreal,4.076595744680851	
can_montreal_le_cantlie_suites_hotel,3.5982300884955754	
can_montreal_quality_hotel_downtown,3.607692307692308	
can_montreal_courtyard_montreal_downtown,3.7555555555555555	
can_montreal_auberge_le_pomerol,4.2666666666666675	
can_montreal_le_nouvel_hotel_montreal,3.2270270270270274	
can_montreal_hotel_ruby_foo_s,3.4875	
can_montreal_hotel_manoir_des_alpes,3.805555555555556	
can_montreal_grand_plaza_montreal_centre_ville,3.4394366197183097	
can_montreal_best_western_ville_marie_hotel_suite,3.55	
can_montreal_lord_berri,3.223529411764706	
can_montreal_la_presidence_deluxe_apartments,3.675	
can_montreal_le_meridien_versailles,3.8526315789473684	
can_montreal_hotel_le_saint_andre,3.4625	
can_montreal_holiday_inn_select_montreal_centre_ville,3.703448275862069	
can_montreal_hotel_l_abri_du_voyageur,3.5529411764705885	
can_montreal_hotel_maritime_plaza,3.443478260869565	
can_montreal_best_western_europa_downtown,3.479069767441861	
can_montreal_hotel_auberge_universel,2.9733333333333336	
can_montreal_quality_hotel_midtown,3.3416666666666663	
can_montreal_holiday_inn_montreal_midtown,3.298360655737705	
can_montreal_hotel_de_paris,3.51875	
can_montreal_comfort_hotel_suites_downtown_montreal,2.666666666666667	
can_montreal_hotel_viger,3.413333333333333	
can_montreal_travelodge_montreal_centre,2.790243902439024	
can_montreal_clarion_hotel_suites_downtown,3.0432432432432437	
can_montreal_days_hotel_and_conference_center_montreal_metro,3.0461538461538464	
can_montreal_hotel_champ_de_mars,2.753846153846154	
can_montreal_hotel_casa_bella,2.825	
can_montreal_quality_inn_downtown,3.103448275862069	
can_montreal_le_saint_malo,2.9	
can_montreal_quartier_latin_hotel,2.4266666666666667	
can_montreal_holiday_inn_montreal_airport,2.541176470588235	
can_montreal_econo_lodge_downtown,2.4	
can_montreal_hotel_de_l_elysee,1.7999999999999996	
can_montreal_la_tour_centre_ville,2.2517241379310344	
can_montreal_hotel_europeenne,3.1333333333333337	
can_montreal_la_residence_du_voyageur,2.769230769230769	
can_montreal_hotel_eureka,2.0666666666666664	
india_new delhi_shanti_home,4.506666666666666	
india_new delhi_taj_mahal_hotel,4.489655172413793	
india_new delhi_the_amber,4.431111111111112	
india_new delhi_oberoi_new_delhi,4.429268292682926	
india_new delhi_raunak_plaza,4.385714285714285	
india_new delhi_itc_maurya_new_delhi,4.333333333333334	
india_new delhi_the_manor,4.207547169811321	
india_new delhi_the_imperial,4.265060240963855	
india_new delhi_hotel_palace_heights,4.339682539682539	
india_new delhi_ginger_new_delhi,4.077142857142857	
india_new delhi_taj_palace_hotel,4.048275862068965	
india_new delhi_shangri_la_hotel_new_delhi,4.189795918367347	
india_new delhi_le_meridien_new_delhi,4.179220779220779	
india_new delhi_hotel_grand_park_inn,3.929824561403508	
india_new delhi_sheraton_new_delhi,3.972413793103448	
india_new delhi_hans_plaza,3.7794871794871794	
india_new delhi_maidens_hotel,4.041176470588235	
india_new delhi_the_lalit_new_delhi,3.7592233009708735	
india_new delhi_hyatt_regency_delhi,3.8647058823529408	
india_new delhi_radisson_hotel_delhi,3.8426229508196728	
india_new delhi_jaypee_vasant_continental,3.9368421052631577	
india_new delhi_ambassador_hotel,3.9263157894736844	
india_new delhi_intercontinental_eros_nehru_place,3.883333333333333	
india_new delhi_hotel_tara_palace,3.816949152542373	
india_new delhi_the_florence_inn,3.7222222222222223	
india_new delhi_the_claridges,3.615625	
india_new delhi_crowne_plaza_delhi,3.5876923076923077	
india_new delhi_hotel_raunak_international,4.258823529411765	
india_new delhi_uppal_s_orchid_an_ecotel_hotel,3.9846153846153847	
india_new delhi_hotel_royal_holidays,3.5641025641025643	
india_new delhi_the_metropolitan_hotel_new_delhi,3.4519230769230775	
india_new delhi_hotel_clark_international,3.54	
india_new delhi_megha_sheraton,3.8434782608695657	
india_new delhi_hotel_madonna,3.4631578947368427	
india_new delhi_hotel_sri_nanak_continental,3.3940594059405944	
india_new delhi_grand_godwin_hotel,3.303125	
india_new delhi_hotel_city_park,3.5857142857142863	
india_new delhi_ananda_hotel,3.4666666666666672	
india_new delhi_hotel_classic,3.6789473684210527	
india_new delhi_hotel_clark_heights,3.4285714285714284	
india_new delhi_ajanta_hotel,3.1917241379310344	
india_new delhi_cottage_yes_please,3.3899999999999997	
india_new delhi_hotel_vikram,3.525	
india_new delhi_the_park_new_delhi,3.3722772277227717	
india_new delhi_hotel_legend_international,3.6060606060606055	
india_new delhi_the_grand_new_delhi,3.791666666666667	
india_new delhi_ashok_country_resort,2.986046511627907	
india_new delhi_rahul_palace_hotel,2.895652173913043	
india_new delhi_hotel_southern,3.1894736842105265	
india_new delhi_the_connaught,3.016216216216216	
india_new delhi_hotel_sunrise,3.7	
india_new delhi_corus_hotel,3.2375	
india_new delhi_hotel_singh_sons,2.9333333333333336	
india_new delhi_ashok_hotel,2.1837837837837837	
india_new delhi_vivek_hotel,2.765217391304348	
india_new delhi_hotel_regent_continental,2.6	
india_new delhi_hotel_janpath_ashok,2.6666666666666665	
india_new delhi_samrat_hotel,1.8833333333333333	
india_new delhi_marina_hotel_new_delhi,2.114285714285714	
usa_new york city_inn_new_york_city,4.909090909090908	
usa_new york city_casablanca_hotel,4.588039867109634	
usa_new york city_library_hotel,4.671760797342193	
usa_new york city_new_york_palace_hotel,4.661794019933555	
usa_new york city_the_french_quarters_guest_apartments,4.751724137931035	
usa_new york city_sofitel_new_york,4.605980066445182	
usa_new york city_hotel_giraffe,4.572757475083057	
usa_new york city_hotel_elysee,4.600740740740741	
usa_new york city_the_ritz_carlton_new_york_central_park,4.634146341463414	
usa_new york city_residence_inn_by_marriott_times_square_new_york,4.534448160535117	
usa_new york city_affinia_dumont,4.476411960132891	
usa_new york city_chelsea_pines_inn,4.475776397515528	
usa_new york city_the_hampton_inn_times_square_north,4.564119601328903	
usa_new york city_hilton_garden_inn_times_square,4.524916943521594	
usa_new york city_the_lucerne_hotel,4.436470588235293	
usa_new york city_courtyard_new_york_manhattan_midtown_east,4.53037037037037	
usa_new york city_hilton_garden_inn_new_york_west_35th,4.533980582524272	
usa_new york city_the_michelangelo_hotel,4.570954356846473	
usa_new york city_wyndham_garden_hotel_times_square_south,4.424324324324324	
usa_new york city_the_bryant_park,4.498701298701299	
usa_new york city_affinia_gardens,4.508974358974358	
usa_new york city_the_mercer_hotel,4.673076923076924	
usa_new york city_kitano_new_york,4.434545454545455	
usa_new york city_hilton_garden_inn_chelsea,4.3859872611464965	
usa_new york city_comfort_inn_midtown,4.438565022421525	
usa_new york city_trump_international_hotel_and_tower,4.482926829268292	
usa_new york city_hotel_chandler,4.365690376569037	
usa_new york city_the_st_regis_hotel_new_york,4.558904109589042	
usa_new york city_smyth_hotel_a_thompson_hotel,4.5962962962962965	
usa_new york city_the_bowery_hotel,4.63448275862069	
usa_new york city_the_blakely_new_york,4.542465753424658	
usa_new york city_mandarin_oriental_new_york,4.448148148148148	
usa_new york city_doubletree_guest_suites_times_square,4.305647840531561	
usa_new york city_san_carlos_hotel,4.5042857142857144	
usa_new york city_affinia_50,4.440531561461794	
usa_new york city_blue_moon_hotel,4.497297297297297	
usa_new york city_the_muse_hotel_new_york_a_kimpton_hotel,4.363063063063064	
usa_new york city_hampton_inn_madison_square_garden,4.43063063063063	
usa_new york city_the_iroquois,4.431460674157303	
usa_new york city_best_western_bowery_hanbee_hotel,4.461855670103093	
usa_new york city_morgans_hotel,4.329411764705883	
usa_new york city_embassy_suites_hotel_new_york_city,4.2697674418604645	
usa_new york city_hotel_beacon,4.248908296943231	
usa_new york city_the_marmara_manhattan_luxury_hotel_residence,4.217021276595744	
usa_new york city_the_london_nyc,4.365573770491804	
usa_new york city_salisbury_hotel,4.313621262458471	
usa_new york city_peninsula_new_york,4.35925925925926	
usa_new york city_best_western_hospitality_house,4.328846153846153	
usa_new york city_gild_hall,4.355555555555556	
usa_new york city_renaissance_new_york_hotel_times_square,4.396808510638299	
usa_new york city_the_hotel_at_times_square,4.367021276595745	
usa_new york city_ritz_carlton_battery_park,4.226666666666667	
usa_new york city_new_york_marriott_marquis,4.2451827242524915	
usa_new york city_hotel_41_at_times_square,4.389304812834224	
usa_new york city_hampton_inn_manhattan_soho,4.370212765957447	
usa_new york city_hotel_mela,4.4352159468438535	
usa_new york city_chelsea_lodge,4.2953488372093025	
usa_new york city_hampton_inn_35th_st_empire_state_building,4.409375	
usa_new york city_room_mate_grace,4.252491694352159	
usa_new york city_courtyard_by_marriott_new_york_manhattan_times_square_south,4.3822222222222225	
usa_new york city_the_pod_hotel,4.1395348837209305	
usa_new york city_warwick_new_york_hotel,4.220833333333333	
usa_new york city_the_new_york_helmsley,4.187375415282393	
usa_new york city_affinia_shelburne,4.2292358803986705	
usa_new york city_fitzpatrick_grand_central_hotel,4.369325153374234	
usa_new york city_the_kimberly_hotel,4.4037037037037035	
usa_new york city_millenium_hilton,4.283056478405316	
usa_new york city_four_points_by_sheraton_manhattan_soho_village,4.224615384615385	
usa_new york city_the_belvedere,4.214617940199337	
usa_new york city_wingate_by_wyndham_manhattan_midtown,4.310434782608696	
usa_new york city_the_new_yorker_hotel,4.112292358803986	
usa_new york city_hampton_inn_manhattan_chelsea,4.270588235294118	
usa_new york city_hotel_metro,4.219933554817276	
usa_new york city_hampton_inn_new_york_seaport_financial_district,4.397222222222222	
usa_new york city_hilton_times_square,4.245864661654135	
usa_new york city_affinia_manhattan,4.185382059800665	
usa_new york city_eastgate_tower,4.085496183206106	
usa_new york city_hotel_newton,4.133333333333334	
usa_new york city_the_benjamin,4.31830985915493	
usa_new york city_rockefeller_center_hotel,4.216129032258064	
usa_new york city_royalton_hotel_new_york_city,4.298529411764706	
usa_new york city_jumeirah_essex_house,4.165882352941177	
usa_new york city_four_seasons_hotel_new_york,4.345714285714285	
usa_new york city_omni_berkshire_place,4.346919431279621	
usa_new york city_ink48_a_kimpton_hotel,4.297674418604652	
usa_new york city_courtyard_by_marriott_new_york_manhattan_upper_east_side,4.072941176470588	
usa_new york city_fairfield_inn_new_york_manhattan_times_square_south,4.339130434782609	
usa_new york city_the_sherry_netherland_hotel,4.654545454545454	
usa_new york city_millennium_un_plaza_hotel,4.025249169435216	
usa_new york city_new_york_marriott_downtown,4.12112676056338	
usa_new york city_the_westin_new_york_at_times_square,4.141528239202658	
usa_new york city_fitzpatrick_manhattan,4.295774647887323	
usa_new york city_roger_williams_hotel,4.213245033112583	
usa_new york city_lowell_hotel,4.381818181818182	
usa_new york city_the_plaza,4.168571428571428	
usa_new york city_hotel_373,4.229508196721312	
usa_new york city_crowne_plaza_times_square_manhattan,4.02392026578073	
usa_new york city_the_alex_hotel,4.1245901639344265	
usa_new york city_wall_street_inn,4.043243243243244	
usa_new york city_w_new_york_times_square,3.9443223443223445	
usa_new york city_club_quarters_rockefeller_center,4.2666666666666675	
usa_new york city_414_hotel,4.1780487804878055	
usa_new york city_hotel_17,3.957142857142857	
usa_new york city_the_herald_square_hotel,4.133613445378151	
usa_new york city_the_surrey,4.024242424242424	
usa_new york city_novotel_new_york_times_square,4.009966777408638	
usa_new york city_park_south_hotel,3.936423841059603	
usa_new york city_the_franklin,4.205263157894736	
usa_new york city_millennium_hotel_broadway,3.9395348837209303	
usa_new york city_greenwich_hotel,4.231578947368421	
usa_new york city_hilton_garden_inn_tribeca,4.0634146341463415	
usa_new york city_the_waldorf_astoria,4.011960132890366	
usa_new york city_red_roof_inn_manhattan,4.178231292517006	
usa_new york city_70_park_avenue_hotel_a_kimpton_hotel,4.167539267015707	
usa_new york city_holiday_inn_nyc_manhattan_6th_avenue,4.075247524752475	
usa_new york city_tribeca_grand_hotel,4.115151515151515	
usa_new york city_holiday_inn_express_nyc_madison_square_garden,4.158823529411765	
usa_new york city_ace_hotel_nyc,4.106122448979592	
usa_new york city_the_carlton,3.966480446927374	
usa_new york city_the_gem_hotel_soho,4.412121212121212	
usa_new york city_broadway_plaza_hotel,3.993846153846154	
usa_new york city_on_the_ave_hotel,3.937984496124031	
usa_new york city_roger_smith_hotel,4.042647058823529	
usa_new york city_washington_square_hotel,4.002816901408451	
usa_new york city_hotel_reserve,4.13	
usa_new york city_club_quarters_downtown,4.004918032786885	
usa_new york city_waldorf_towers,4.321568627450981	
usa_new york city_algonquin_hotel,3.9920903954802256	
usa_new york city_chambers_hotel,4.1	
usa_new york city_ramada_eastside,3.9885714285714284	
usa_new york city_hotel_31,3.9688311688311684	
usa_new york city_holiday_inn_express_new_york_city_fifth_ave,4.223287671232876	
usa_new york city_the_marcel_at_gramercy,3.718604651162791	
usa_new york city_the_standard_new_york,4.328888888888889	
usa_new york city_cosmopolitan_hotel_tribeca,4.1	
usa_new york city_belleclaire_hotel,3.995035460992908	
usa_new york city_hotel_east_houston,4.051612903225807	
usa_new york city_the_mave,4.250000000000001	
usa_new york city_the_helmsley_park_lane,3.8	
usa_new york city_thompson_les,4.052380952380952	
usa_new york city_clarion_collection_the_solita_soho_hotel,3.950877192982456	
usa_new york city_the_milburn_hotel,4.118367346938776	
usa_new york city_hotel_stanford,3.9974025974025977	
usa_new york city_soho_house_new_york,4.356521739130435	
usa_new york city_the_pierre,4.419354838709678	
usa_new york city_vincci_avalon,3.9011627906976742	
usa_new york city_the_carlyle_a_rosewood_hotel,3.9512195121951224	
usa_new york city_6_columbus,4.251428571428571	
usa_new york city_the_maritime_hotel,4.3277777777777775	
usa_new york city_bentley_hotel,3.824657534246576	
usa_new york city_hampton_inn_manhattan_times_square_south,4.016	
usa_new york city_comfort_inn_manhattan_bridge,4.09	
usa_new york city_new_york_marriott_east_side,3.976296296296296	
usa_new york city_w_new_york_the_tuscany,3.985714285714286	
usa_new york city_grand_hyatt_new_york,3.908970099667774	
usa_new york city_night_hotel,3.9450549450549444	
usa_new york city_buckingham_hotel,3.8699029126213587	
usa_new york city_excelsior_hotel,3.959375	
usa_new york city_60_thompson,3.968292682926829	
usa_new york city_the_gem_hotel_chelsea,4.121052631578947	
usa_new york city_hotel_grand_union,3.9726190476190473	
usa_new york city_seafarers_international_house,3.905263157894737	
usa_new york city_le_parker_meridien,3.825913621262459	
usa_new york city_hilton_new_york,3.9275747508305647	
usa_new york city_cooper_square_hotel,4.026086956521739	
usa_new york city_skyline_hotel,3.768131868131868	
usa_new york city_renaissance_new_york_hotel_57,3.9276595744680853	
usa_new york city_radisson_martinique_on_broadway,3.6531531531531534	
usa_new york city_bedford_hotel,3.9405405405405403	
usa_new york city_travel_inn_hotel_new_york,3.8481283422459898	
usa_new york city_the_roosevelt_hotel,3.6571428571428575	
usa_new york city_murray_hill_east_suites,4.009009009009009	
usa_new york city_stay,3.6542635658914726	
usa_new york city_gramercy_park_hotel,3.8055045871559634	
usa_new york city_intercontinental_the_barclay_new_york,3.891694352159468	
usa_new york city_the_shoreham,3.8644067796610173	
usa_new york city_hotel_on_rivington,3.9832061068702287	
usa_new york city_tudor_hotel_at_the_united_nations,3.763095238095238	
usa_new york city_washington_jefferson_hotel,3.884057971014493	
usa_new york city_plaza_athenee_hotel,4.04	
usa_new york city_comfort_inn_times_square,4.084444444444444	
usa_new york city_beekman_tower_hotel,3.6052631578947363	
usa_new york city_holiday_inn_express_new_york_city_times_square,3.903703703703704	
usa_new york city_comfort_inn_chelsea,3.915254237288136	
usa_new york city_hotel_deauville,3.973684210526316	
usa_new york city_sheraton_new_york_hotel_towers,3.803986710963455	
usa_new york city_wolcott_hotel,3.7970443349753693	
usa_new york city_courtyard_new_york_manhattan_fifth_avenue,4.0600000000000005	
usa_new york city_four_points_by_sheraton_midtown_times_square,3.8866666666666667	
usa_new york city_park_central,3.5574750830564783	
usa_new york city_the_mansfield,3.9542857142857146	
usa_new york city_loews_regency_hotel,3.9887323943661976	
usa_new york city_off_soho_suites,3.6	
usa_new york city_the_hotel_91,3.810169491525424	
usa_new york city_hotel_st_james,3.692413793103449	
usa_new york city_park_79_hotel,3.817142857142857	
usa_new york city_the_inn_at_irving_place,4.25	
usa_new york city_the_time,3.765714285714286	
usa_new york city_the_grant_hotel,3.278260869565217	
usa_new york city_hotel_gansevoort,4.006936416184971	
usa_new york city_americana_inn,3.892913385826772	
usa_new york city_w_new_york_union_square,3.924528301886793	
usa_new york city_doubletree_hotel_chelsea_new_york_city,3.8648648648648654	
usa_new york city_chelsea_savoy_hotel,4.039285714285714	
usa_new york city_da_vinci_hotel,3.9651162790697674	
usa_new york city_best_western_seaport_inn_downtown,3.902564102564102	
usa_new york city_doubletree_metropolitan_hotel,3.722923588039867	
usa_new york city_soho_grand_hotel,3.630967741935484	
usa_new york city_four_points_by_sheraton_manhattan_chelsea,3.693846153846154	
usa_new york city_club_quarters_midtown,3.703296703296703	
usa_new york city_duane_street_hotel,4.0	
usa_new york city_w_new_york_the_court,3.67027027027027	
usa_new york city_dream,3.7418604651162797	
usa_new york city_econo_lodge_times_square,3.9155963302752297	
usa_new york city_the_manhattan_club,3.8285714285714283	
usa_new york city_comfort_inn_manhattan,3.868	
usa_new york city_wellington_hotel,3.794019933554817	
usa_new york city_flatotel,3.75929203539823	
usa_new york city_moderne_hotel,3.6608695652173915	
usa_new york city_murray_hill_inn,3.9	
usa_new york city_thirty_thirty_hotel,3.46843853820598	
usa_new york city_best_western_convention_center_hotel,3.2053333333333334	
usa_new york city_holiday_inn_midtown_57th_st,3.5906976744186045	
usa_new york city_comfort_inn_midtown_west_convention_center,3.6516129032258062	
usa_new york city_helmsley_middletowne_hotel,3.61651376146789	
usa_new york city_the_gem_hotel_midtown_west,3.8586206896551722	
usa_new york city_city_club_hotel,4.017241379310345	
usa_new york city_envoy_club,3.7268292682926836	
usa_new york city_milford_plaza_hotel,3.548837209302326	
usa_new york city_holiday_inn_manhattan_downtown_soho,3.659183673469388	
usa_new york city_la_quinta_manhattan,3.7091954022988505	
usa_new york city_empire_hotel,3.677685950413223	
usa_new york city_carlton_arms,3.638095238095238	
usa_new york city_hudson_hotel,3.433887043189369	
usa_new york city_woogo_central_park,3.2620689655172415	
usa_new york city_astor_on_the_park,3.420091324200913	
usa_new york city_hotel_wales,3.6392156862745098	
usa_new york city_the_jane,3.884444444444444	
usa_new york city_dylan_hotel,3.819444444444444	
usa_new york city_amsterdam_court_hotel,3.435582822085889	
usa_san francisco_fairmont_heritage_place_ghirardelli_square,4.794871794871795	
usa_san francisco_hotel_drisco,4.672300469483568	
usa_san francisco_omni_san_francisco_hotel,4.598671096345514	
usa_san francisco_the_inn_at_union_square,4.631521739130435	
usa_san francisco_the_orchard_hotel,4.588704318936878	
usa_san francisco_the_donatello_hotel,4.625249169435216	
usa_san francisco_chancellor_hotel_on_union_square,4.59734219269103	
usa_san francisco_white_swan_inn,4.518571428571429	
usa_san francisco_argonaut_hotel_a_kimpton_hotel,4.546179401993355	
usa_san francisco_hotel_monaco_san_francisco_a_kimpton_hotel,4.348148148148148	
usa_san francisco_mandarin_oriental,4.497520661157026	
usa_san francisco_orchard_garden_hotel,4.582509505703422	
usa_san francisco_marines_memorial_club_hotel,4.582608695652174	
usa_san francisco_the_ritz_carlton,4.607936507936508	
usa_san francisco_hotel_abri_union_square_a_larkspur_collection_hotel,4.5	
usa_san francisco_le_meridien_san_francisco,4.490980392156863	
usa_san francisco_the_huntington_hotel_nob_hill_spa,4.416438356164384	
usa_san francisco_hotel_rex,4.447368421052632	
usa_san francisco_hotel_vitale,4.5677419354838715	
usa_san francisco_columbus_motor_inn,4.386387434554974	
usa_san francisco_ocean_park_motel,4.322727272727273	
usa_san francisco_the_fairmont_san_francisco,4.34140625	
usa_san francisco_hotel_carlton_a_joie_de_vivre_hotel,4.338205980066445	
usa_san francisco_the_kensington_park_hotel,4.412765957446808	
usa_san francisco_hotel_palomar_san_francisco_a_kimpton_hotel,4.358709677419355	
usa_san francisco_petite_auberge,4.40952380952381	
usa_san francisco_intercontinental_san_francisco,4.306306306306306	
usa_san francisco_laurel_inn,4.247368421052632	
usa_san francisco_suites_at_fisherman_s_wharf,4.465454545454546	
usa_san francisco_st_regis_hotel_san_francisco,4.376271186440678	
usa_san francisco_villa_florence_hotel_union_square_a_larkspur_collection_hotel,4.227672955974843	
usa_san francisco_four_seasons_hotel_san_francisco,4.49620253164557	
usa_san francisco_harbor_court_hotel_a_kimpton_hotel,4.199999999999999	
usa_san francisco_castle_inn,4.266265060240964	
usa_san francisco_serrano_hotel_a_kimpton_hotel,4.252525252525253	
usa_san francisco_san_francisco_marriott_union_square,4.2450704225352105	
usa_san francisco_hotel_boheme,4.36875	
usa_san francisco_hyatt_at_fisherman_s_wharf,4.285106382978723	
usa_san francisco_hotel_mayflower,4.283950617283951	
usa_san francisco_phoenix_hotel,4.082758620689655	
usa_san francisco_coventry_motor_inn,4.3544303797468356	
usa_san francisco_hotel_del_sol,4.2302325581395355	
usa_san francisco_grosvenor_suites,4.1447761194029855	
usa_san francisco_best_western_tuscan_inn_fisherman_s_wharf_a_kimpton_hotel,4.256115107913669	
usa_san francisco_hotel_adagio,4.121951219512195	
usa_san francisco_holiday_inn_express_san_francisco_fisherman_s_wharf,4.22695035460993	
usa_san francisco_hotel_nikko_san_francisco,4.100408163265306	
usa_san francisco_courtyard_san_francisco_downtown,4.24468085106383	
usa_san francisco_cow_hollow_motor_inn_and_suites,4.194805194805195	
usa_san francisco_palace_hotel,4.096202531645569	
usa_san francisco_hotel_triton_a_kimpton_hotel,4.171764705882353	
usa_san francisco_hotel_diva,4.209677419354839	
usa_san francisco_the_mosser,4.241196013289036	
usa_san francisco_best_western_hotel_tomo,4.219130434782609	
usa_san francisco_galleria_park,4.136842105263158	
usa_san francisco_parc_55_hotel,4.057807308970101	
usa_san francisco_westin_san_francisco_market_street,4.15	
usa_san francisco_renaissance_stanford_court,4.162025316455696	
usa_san francisco_jw_marriott_san_francisco_union_square,4.267164179104478	
usa_san francisco_nob_hill_motor_inn,4.195652173913043	
usa_san francisco_campton_place_hotel,4.348936170212766	
usa_san francisco_hotel_kabuki,4.092485549132948	
usa_san francisco_larkspur_hotel_union_square,4.140909090909091	
usa_san francisco_the_queen_anne_hotel,4.169491525423728	
usa_san francisco_the_good_hotel,4.0246575342465745	
usa_san francisco_redwood_inn,4.172413793103448	
usa_san francisco_best_western_carriage_inn,4.075	
usa_san francisco_inn_at_the_opera,4.156862745098039	
usa_san francisco_handlery_union_square_hotel,4.013970588235294	
usa_san francisco_hilton_san_francisco_union_square,3.9667774086378733	
usa_san francisco_the_stratford,3.9922480620155043	
usa_san francisco_hyatt_regency_san_francisco,4.132352941176471	
usa_san francisco_hotel_vertigo,3.8928571428571432	
usa_san francisco_baldwin_hotel,4.205263157894737	
usa_san francisco_andrews_hotel,4.032	
usa_san francisco_the_grant_hotel,3.898876404494382	
usa_san francisco_hotel_bijou,3.917894736842105	
usa_san francisco_intercontinental_mark_hopkins_san_francisco,4.095431472081218	
usa_san francisco_courtyard_by_marriott_fisherman_s_wharf,4.176119402985075	
usa_san francisco_beresford_arms,3.9391304347826086	
usa_san francisco_cova_hotel,4.072340425531915	
usa_san francisco_cornell_hotel_de_france,4.1	
usa_san francisco_hilton_san_francisco_financial_district,3.9837037037037035	
usa_san francisco_prescott_hotel_a_kimpton_hotel,4.093233082706767	
usa_san francisco_marriott_san_francisco_fisherman_s_wharf,3.9297872340425526	
usa_san francisco_grand_hyatt_san_francisco,4.073684210526316	
usa_san francisco_holiday_inn_san_francisco_fishermans_wharf,3.991044776119403	
usa_san francisco_executive_hotel_vintage_court,3.7546666666666666	
usa_san francisco_hotel_fusion,4.142857142857142	
usa_san francisco_hotel_frank,4.102222222222222	
usa_san francisco_chelsea_motor_inn,4.155555555555556	
usa_san francisco_best_western_americania,3.6162790697674425	
usa_san francisco_sheraton_fisherman_s_wharf_hotel,3.9179487179487182	
usa_san francisco_best_western_the_hotel_california,3.955140186915888	
usa_san francisco_warwick_san_francisco_hotel,4.047311827956989	
usa_san francisco_hotel_griffon,4.139622641509434	
usa_san francisco_hotel_union_square,3.823076923076923	
usa_san francisco_san_francisco_at_the_presidio_travelodge,4.058823529411765	
usa_san francisco_clift_hotel_san_francisco,3.7356828193832596	
usa_san francisco_the_westin_st_francis,3.8465116279069766	
usa_san francisco_san_francisco_marriott_marquis,4.099459459459459	
usa_san francisco_marina_motel,3.7263157894736842	
usa_san francisco_hotel_metropolis,3.6707692307692312	
usa_san francisco_club_quarters_san_francisco,3.930434782608695	
usa_san francisco_comfort_inn_by_the_bay,3.8309090909090906	
usa_san francisco_w_san_francisco,3.8472440944881896	
usa_san francisco_the_gaylord,3.9588235294117653	
usa_san francisco_sir_francis_drake_hotel_a_kimpton_hotel,3.831967213114754	
usa_san francisco_king_george_hotel,3.7919191919191917	
usa_san francisco_holiday_inn_san_francisco_golden_gateway,3.7183098591549295	
usa_san francisco_the_wharf_inn,4.024137931034483	
usa_san francisco_travelodge_golden_gate_san_francisco,3.827777777777778	
usa_san francisco_the_archbishop_s_mansion,3.84	
usa_san francisco_powell_hotel,3.666666666666667	
usa_san francisco_buena_vista_motor_inn,3.6338461538461546	
usa_san francisco_hotel_mark_twain,3.378947368421053	
usa_san francisco_radisson_hotel_fisherman_s_wharf,3.675	
usa_san francisco_hotel_majestic,3.6486486486486482	
usa_san francisco_hotel_whitcomb,3.5354581673306775	
usa_san francisco_layne_hotel,3.8214285714285716	
usa_san francisco_la_luna_inn,3.6705882352941175	
usa_san francisco_hilton_san_francisco_fisherman_s_wharf,3.8354430379746836	
usa_san francisco_sw_hotel,3.8899999999999997	
usa_san francisco_park_hotel,3.7111111111111112	
usa_san francisco_lombard_motor_inn,3.784	
usa_san francisco_alexis_park_san_francisco,3.75	
usa_san francisco_good_nite_inn_san_francisco_airport,2.953846153846154	
usa_san francisco_hotel_beresford,3.4836363636363634	
usa_san francisco_stanyan_park_hotel,3.6909090909090914	
usa_san francisco_adante_hotel,3.6419753086419755	
usa_san francisco_the_opal_san_francisco,3.4868852459016395	
usa_san francisco_hotel_milano,3.788235294117647	
usa_san francisco_royal_pacific_motor_inn,3.655555555555556	
usa_san francisco_the_pickwick,3.543859649122807	
usa_san francisco_cathedral_hill_hotel,3.191715976331361	
usa_san francisco_fitzgerald_hotel_union_square,3.495238095238095	
usa_san francisco_broadway_manor_inn,3.537313432835821	
usa_san francisco_francisco_bay_inn,3.035555555555556	
usa_san francisco_the_metro_hotel,3.568421052631579	
usa_san francisco_hotel_des_arts,3.4147368421052633	
usa_san francisco_marina_inn,3.478048780487805	
usa_san francisco_beck_s_motor_lodge,3.508333333333333	
usa_san francisco_seal_rock_inn,3.589473684210526	
usa_san francisco_nob_hill_hotel,2.7024390243902436	
usa_san francisco_monarch_hotel,2.938888888888889	
usa_san francisco_capri_motel,3.723076923076923	
usa_san francisco_greenwich_inn,3.411764705882353	
usa_san francisco_the_herbert_hotel,3.4216216216216218	
usa_san francisco_americas_best_value_inn_golden_gate,3.16	
usa_san francisco_the_dakota_hotel,3.2714285714285714	
usa_san francisco_astoria_hotel,3.4484848484848483	
usa_san francisco_bay_bridge_inn,3.0428571428571423	
usa_san francisco_edward_ii_inn_and_suites,3.318181818181818	
usa_san francisco_halcyon_hotel,3.5363636363636366	
usa_san francisco_hotel_cosmo,3.6666666666666665	
usa_san francisco_rodeway_inn_downtown,2.7600000000000002	
usa_san francisco_holiday_inn_civic_center_san_francisco,3.2666666666666666	
usa_san francisco_grant_plaza_hotel,3.2955223880597018	
usa_san francisco_best_western_civic_center_motor_inn,3.3954545454545455	
usa_san francisco_days_inn_lombard_street,2.836363636363636	
usa_san francisco_union_square_plaza_hotel,3.1519999999999997	
usa_san francisco_hotel_north_beach,3.6	
usa_san francisco_edwardian_san_francisco_hotel,3.4140350877192978	
usa_san francisco_spaulding_hotel,2.8689655172413793	
usa_san francisco_presidio_inn_suites,2.658823529411765	
usa_san francisco_renoir_hotel,2.6370370370370373	
usa_san francisco_taylor_hotel,2.6	
usa_san francisco_olympic_hotel,2.9	
usa_san francisco_alpha_inn_and_suites_san_francisco,2.7285714285714286	
usa_san francisco_america_s_best_inn_san_francisco,2.985714285714286	
usa_san francisco_super_8_san_francisco_fisherman_s_wharf,2.475	
usa_san francisco_rodeway_inn_civic_center,2.2444444444444445	
usa_san francisco_ramada_limited_san_francisco,2.3875	
usa_san francisco_the_embassy_hotel,2.1733333333333333	
usa_san francisco_abigail_hotel,2.54	
usa_san francisco_bayside_inn_at_the_wharf_pacific_hotels,3.046153846153846	
usa_san francisco_aida_hotel,2.1294117647058823	
usa_san francisco_mithila,2.278787878787879	
usa_san francisco_travelodge_central_san_francisco_hotel,2.519354838709677	
usa_san francisco_knights_inn_downtown_san_francisco,1.8571428571428572	
usa_san francisco_heritage_marina_hotel,1.8796747967479674	
usa_san francisco_verona,1.8142857142857143	
china_shanghai_st_regis_shanghai,4.54	
china_shanghai_pudong_shangri_la_shanghai,4.455102040816326	
china_shanghai_jw_marriott_hotel_shanghai_at_tomorrow_square,4.4794117647058815	
china_shanghai_the_eton_hotel,4.288571428571428	
china_shanghai_jia_shanghai,4.5769230769230775	
china_shanghai_le_royal_meridien_shanghai,4.396808510638297	
china_shanghai_grand_hyatt_shanghai,4.299047619047618	
china_shanghai_radisson_hotel_shanghai_new_world,4.305769230769232	
china_shanghai_hyatt_on_the_bund,4.276595744680851	
china_shanghai_urbn_hotel,4.416666666666667	
china_shanghai_renaissance_shanghai_yuyuan_hotel,4.302040816326531	
china_shanghai_the_westin_bund_center,4.303370786516854	
china_shanghai_the_longemont_shanghai,4.068181818181818	
china_shanghai_park_hyatt_shanghai,4.444444444444444	
china_shanghai_intercontinental_shanghai_pudong,4.055813953488372	
china_shanghai_88_xintiandi_executive_residence,4.746666666666667	
china_shanghai_portman_ritz_carlton_shanghai,4.208108108108108	
china_shanghai_okura_garden_hotel_shanghai,4.094444444444444	
china_shanghai_holiday_inn_vista_shanghai,3.98125	
china_shanghai_new_harbour_serviced_apartments,4.058536585365854	
china_shanghai_pudi_boutique_hotel,4.430769230769231	
china_shanghai_four_seasons_hotel_shanghai,4.265116279069767	
china_shanghai_sheraton_shanghai_hotel_residences_pudong,4.0285714285714285	
china_shanghai_millennium_hongqiao_hotel_shanghai,4.17	
china_shanghai_pullman_shanghai_skyway_hotel,4.283333333333333	
china_shanghai_hilton_shanghai,3.995348837209302	
china_shanghai_sofitel_shanghai_hyland,4.191578947368421	
china_shanghai_asset_hotel_shanghai,4.036734693877551	
china_shanghai_central_hotel_shanghai,4.253333333333333	
china_shanghai_howard_johnson_plaza_hotel_shanghai,4.252173913043478	
china_shanghai_renaissance_shanghai_pudong,4.175	
china_shanghai_citadines_apart_hotel_jinqiao,3.9818181818181815	
china_shanghai_shanghai_jc_mandarin,3.7953488372093025	
china_shanghai_jin_jiang_hotel,3.713513513513513	
china_shanghai_radisson_plaza_xing_guo,4.094117647058823	
china_shanghai_salvo_hotel_zhongfu_shifuhui,3.8848484848484843	
china_shanghai_city_hotel_shanghai,3.942857142857143	
china_shanghai_oriental_riverside_hotel,3.789473684210526	
china_shanghai_hotel_equatorial_shanghai,3.8857142857142852	
china_shanghai_regal_shanghai_east_asia_hotel,4.141176470588235	
china_shanghai_ruijin_hotel,3.9904761904761905	
china_shanghai_four_points_by_sheraton_shanghai_daning,4.030769230769231	
china_shanghai_donghu_guest_house,3.968421052631579	
china_shanghai_sheraton_shanghai_hongqiao_hotel,3.6615384615384614	
china_shanghai_holiday_inn_pudong_hotel,3.9826086956521736	
china_shanghai_novotel_atlantis_shanghai,3.858333333333333	
china_shanghai_jin_jiang_tower_hotel,3.6074074074074076	
china_shanghai_crowne_plaza_shanghai,3.7699999999999996	
china_shanghai_courtyard_by_marriott_shanghai_pudong,3.8909090909090907	
china_shanghai_mayfair_hotel_shanghai,3.9333333333333336	
china_shanghai_hua_ting_hotel_towers,3.675	
china_shanghai_ramada_pudong_airport_hotel,3.45	
china_shanghai_swissotel_grand_shanghai,4.019354838709677	
china_shanghai_renaissance_yangtze_hotel,4.0875	
china_shanghai_the_bund_hotel,3.7824561403508774	
china_shanghai_mansion_hotel,4.207407407407407	
china_shanghai_majesty_plaza_shanghai,3.806666666666666	
china_shanghai_holiday_inn_downtown_shanghai,3.7116279069767444	
china_shanghai_regal_international_east_asia_hotel,3.8933333333333335	
china_shanghai_broadway_mansions_hotel,3.4	
china_shanghai_rayfont_shanghai_celebrity_hotel_apartment,3.53	
china_shanghai_the_bund_riverside_hotel,3.6724137931034484	
china_shanghai_sofitel_shanghai_jin_jiang_oriental_pudong,3.7515151515151515	
china_shanghai_manhattan_business_hotel,3.9636363636363634	
china_shanghai_hengsheng_peninsula_international_hotel,3.0545454545454542	
china_shanghai_nanjing_hotel,3.4967741935483874	
china_shanghai_park_hotel_shanghai,3.352380952380952	
china_shanghai_pacific_hotel,3.1375	
china_shanghai_shanghai_hotel,3.2736842105263166	
china_shanghai_crowne_plaza_shanghai_fudan,4.291891891891892	
china_shanghai_zhao_an_hotel,3.514285714285714	
china_shanghai_peace_hotel,3.0625	
china_shanghai_new_asia_hotel,3.1	
china_shanghai_galaxy_hotel,3.4476190476190482	
